id,customer_id,product_id,rating,title,content,status,thank_count,comment_count,images,seller_id,seller_name,delivery_rating
20124739,1339411,276962348,5,Cực kì hài lòng,"máy mới, phải làm động tác nạp mực lên lần đầu mới xài được, shop đã hỗ trợ nhiệt tình kể cử ngày nghỉ.",approved,0,1,"[{'id': 4405682, 'full_path': 'https://salt.tikicdn.com/ts/review/dc/2a/ef/2ca9aad4f5900fb7a347017e79ff2970.jpg', 'status': 'approved'}]",149312.0,Brother Official Store,"[{'question': 'Thời gian giao hàng?', 'option': 'Giao đúng hẹn'}, {'question': 'Thái độ của shipper?', 'option': 'Lịch sự'}, {'question': 'Giờ giao hàng?', 'option': 'Có hẹn giờ trước'}, {'question': 'Cách đóng gói sản phẩm?', 'option': 'Cẩn thận'}]"
20228343,28816042,274808245,5,Cực kì hài lòng,,approved,0,0,[],1.0,Tiki Trading,[]
20153688,6984657,274808245,5,Cực kì hài lòng,,approved,0,0,[],1.0,Tiki Trading,"[{'question': 'Thời gian giao hàng?', 'option': 'Giao trễ hẹn'}, {'question': 'Thái độ của shipper?', 'option': 'Lịch sự'}, {'question': 'Giờ giao hàng?', 'option': 'Có hẹn giờ trước'}, {'question': 'Cách đóng gói sản phẩm?', 'option': 'Cẩn thận'}]"
20130765,13868369,274808245,5,Cực kì hài lòng,,approved,0,0,[],1.0,Tiki Trading,[]
20147566,29269600,145224778,5,Cực kì hài lòng,"Mới nhận máy hôm nay *** luôn. Máy chạy êm. Mình tìm mãi một con máy tương thích Mac Air M1 và giá cả hợp lí. In nhanh, màu nét đẹp. Không phải cài đặt gì phức tạp, cắm dây vào là in thôi. Các bạn dùng Mac có thể tham khảo nhé. Hi vọng độ bền tốt để sử dụng được lâu dài.",approved,0,0,"[{'id': 4409799, 'full_path': 'https://salt.tikicdn.com/ts/review/cd/88/f6/227e19dc499169872c829328b9c9c3ac.jpg', 'status': 'approved'}, {'id': 4409800, 'full_path': 'https://salt.tikicdn.com/ts/review/09/8a/97/d51f16d611af0864a1c318833fca3ea4.jpg', 'status': 'approved'}]",1.0,Tiki Trading,"[{'question': 'Thời gian giao hàng?', 'option': 'Giao đúng hẹn'}, {'question': 'Thái độ của shipper?', 'option': 'Lịch sự'}, {'question': 'Giờ giao hàng?', 'option': 'Không hẹn trước'}, {'question': 'Cách đóng gói sản phẩm?', 'option': 'Cẩn thận'}]"
15340806,8728542,145224778,1,Rất không hài lòng,"ảnh in ok. nhưng dùng dk đến ngày t3 thì hỏng trục kéo giấy( lỗi 5100 với nháy đèn 3 lần). có nt thì shop kêu gọi tổng đài. cái mk cần là nơi hoặc địa chỉ bảo hành. ra quán sửa rồi về nhà lại hỏng lỗi lặt vặt. giấy thường 75g thì ko kéo dk. kéo toàn bị kẹt( cái này lúc mới mua là bị, mà lúc đó mk nghĩ do mk để giấy sai. h thì giấy ngay ngắn nhưng loại 75g là kẹt hết) ( giấy vẽ và giấy in ảnh thì kéo dk bình tg nhưng máy n kêu ồn kinh khủng).  Mua về in dk khoảng 54 tấm ảnh thì hết mực.  Trải nghiệm mất tiền bực mình. 😡  
1 sao cho chất lượng in ảnh thôi chứ h để đó ko biết để lm gì cái máy nữa.",approved,8,0,"[{'id': 3212664, 'full_path': 'https://salt.tikicdn.com/ts/review/e8/55/d2/c1a3d7fcca737c424b1aa585a4c10cec.jpg', 'status': 'approved'}, {'id': 3212665, 'full_path': 'https://salt.tikicdn.com/ts/review/0e/17/13/fb87d7de128ff61ea1f02eeca67d5522.jpg', 'status': 'approved'}, {'id': 3212666, 'full_path': 'https://salt.tikicdn.com/ts/review/c1/d2/fc/409995b1c0ebf8794f3ad5e9a9dc4848.jpg', 'status': 'approved'}]",125243.0,LBM Store,[]
18859681,16601833,145224778,5,Cực kì hài lòng,"Máy in tốt, rẻ mà chất lượng khỏi phải bàn, in decal hay truyện màu, meme đồ rất ok còn in ảnh chụp hay cảnh vật ng thật thì chỉ tạm ổn thấy hình th chứ ko phải xuất sắc gì",approved,1,1,"[{'id': 4142963, 'full_path': 'https://salt.tikicdn.com/ts/review/24/82/e3/6e50a40552d28c715bf010f920b203d9.jpg', 'status': 'approved'}, {'id': 4142964, 'full_path': 'https://salt.tikicdn.com/ts/review/a7/94/68/075ef354bcedfa96eadad41099273b91.jpg', 'status': 'approved'}, {'id': 4142965, 'full_path': 'https://salt.tikicdn.com/ts/review/36/a8/d6/ae41dfdeb89fbc280cd32492be276c74.jpg', 'status': 'approved'}]",1.0,Tiki Trading,[]
20215470,26945081,145224778,5,Cực kì hài lòng,Máy hoạt động tốt. Đã *** . Rất ổn,approved,0,0,[],1.0,Tiki Trading,"[{'question': 'Thời gian giao hàng?', 'option': 'Giao đúng hẹn'}, {'question': 'Thái độ của shipper?', 'option': 'Lịch sự'}, {'question': 'Giờ giao hàng?', 'option': 'Có hẹn giờ trước'}, {'question': 'Cách đóng gói sản phẩm?', 'option': 'Cẩn thận'}]"
20184491,28621277,145224778,5,Cực kì hài lòng,"Không biết hộp mực máy để đâu hờ hờ
Nhưng máy nhẹ in đẹp",approved,0,0,[],1.0,Tiki Trading,"[{'question': 'Thời gian giao hàng?', 'option': 'Giao đúng hẹn'}, {'question': 'Thái độ của shipper?', 'option': 'Lịch sự'}, {'question': 'Giờ giao hàng?', 'option': 'Có hẹn giờ trước'}, {'question': 'Cách đóng gói sản phẩm?', 'option': 'Cẩn thận'}]"
18355824,6980601,145224778,3,Bình thường,"Giá sp mình thấy là cực ki tốt trong phân khúc nên khi đang cần mua thêm thì click mua ngay k ngần ngại. Có điều sau khi thanh toán xong sang sp thấy giá chỉ bằng có 70% nên choáng. Chả nhẽ hủy đơn? Thành ra rút kn là lần sau xem song song.
Thậm chí chỉ xem sp. Không ngờ tiki lại hố  giá thế.
Máy dùng ok, có điều mực nhanh hết, giá mua mực mới đắt ngang mua máy. 😂😂😂",approved,1,0,[],1.0,Tiki Trading,[]
20191802,8676072,145224778,3,Bình thường,Sản phẩm in mầu nhoè ko ró nét.,approved,0,1,[],1.0,Tiki Trading,"[{'question': 'Thời gian giao hàng?', 'option': 'Giao trễ hẹn'}, {'question': 'Thái độ của shipper?', 'option': 'Lịch sự'}, {'question': 'Giờ giao hàng?', 'option': 'Có hẹn giờ trước'}, {'question': 'Cách đóng gói sản phẩm?', 'option': 'Cẩn thận'}]"
20107076,29473432,145224778,5,Cực kì hài lòng,"máy hoạt động êm tốt , mực đều , dễ sử dụng 
Nhưng quá nhanh hết mực",approved,0,0,[],1.0,Tiki Trading,[]
20220272,1136591,145224778,5,Cực kì hài lòng,,approved,0,0,[],1.0,Tiki Trading,[]
20209037,11777713,145224778,4,Hài lòng,,approved,0,0,[],1.0,Tiki Trading,[]
20196548,12990770,145224778,5,Cực kì hài lòng,,approved,0,0,[],1.0,Tiki Trading,[]
20193417,11803075,145224778,5,Cực kì hài lòng,,approved,0,0,[],1.0,Tiki Trading,[]
20191569,11384060,145224778,5,Cực kì hài lòng,,approved,0,0,[],1.0,Tiki Trading,[]
20185799,21948610,145224778,5,Cực kì hài lòng,,approved,0,0,[],1.0,Tiki Trading,[]
20164513,14271975,145224778,5,Cực kì hài lòng,,approved,0,0,[],1.0,Tiki Trading,[]
20152244,8612035,145224778,5,Cực kì hài lòng,,approved,0,0,[],1.0,Tiki Trading,"[{'question': 'Thời gian giao hàng?', 'option': 'Giao đúng hẹn'}, {'question': 'Thái độ của shipper?', 'option': 'Lịch sự'}, {'question': 'Giờ giao hàng?', 'option': 'Không hẹn trước'}, {'question': 'Cách đóng gói sản phẩm?', 'option': 'Cẩn thận'}]"
18986669,250509,145224778,1,Rất không hài lòng,"Nên ghi rỏ hợp mực đi kèm chỉ để *** máy.
In đc có 1 2 tờ *** là nó báo hết mực rồi.
Anh chị chú ý, mua máy phải mua thêm hộp mực mới xài đc.",approved,0,0,"[{'id': 4161790, 'full_path': 'https://salt.tikicdn.com/ts/review/fd/75/4c/cd2fa794546d4c8b4f2e21e70e20de91.jpg', 'status': 'approved'}]",125243.0,LBM Store,[]
17472261,16808450,145224778,5,Cực kì hài lòng,"Hàng mới, chất lượng, không ộp ẹp. Đáng giá mua",approved,0,1,"[{'id': 3813797, 'full_path': 'https://salt.tikicdn.com/ts/review/94/b8/65/59268ecffde2d9402e97af6516b7475d.jpg', 'status': 'approved'}, {'id': 3813798, 'full_path': 'https://salt.tikicdn.com/ts/review/6e/f8/ab/3f828344fea397ce9de90256632a61a5.jpg', 'status': 'approved'}, {'id': 3813799, 'full_path': 'https://salt.tikicdn.com/ts/review/c2/b0/85/636e528e206add035ff4c6b79ad94498.jpg', 'status': 'approved'}, {'id': 3813800, 'full_path': 'https://salt.tikicdn.com/ts/review/ff/bc/c2/2a66449911b511a562360026faf6335a.jpg', 'status': 'approved'}, {'id': 3813801, 'full_path': 'https://salt.tikicdn.com/ts/review/02/b9/1f/6eea0c26cf063c5c4ba1875ca234a9c5.jpg', 'status': 'approved'}]",125243.0,LBM Store,[]
19998886,889261,145224778,5,Cực kì hài lòng,Tốt trong tầm giá,approved,0,1,"[{'id': 4381065, 'full_path': 'https://salt.tikicdn.com/ts/review/55/80/a9/0cadc68d9108b320418ba56021200170.jpg', 'status': 'approved'}]",1.0,Tiki Trading,"[{'question': 'Thời gian giao hàng?', 'option': 'Giao đúng hẹn'}, {'question': 'Thái độ của shipper?', 'option': 'Lịch sự'}, {'question': 'Giờ giao hàng?', 'option': 'Có hẹn giờ trước'}, {'question': 'Cách đóng gói sản phẩm?', 'option': 'Cẩn thận'}]"
20119054,15368407,145224778,5,Cực kì hài lòng,,approved,0,0,[],1.0,Tiki Trading,[]
20017489,7125247,145224778,5,Cực kì hài lòng,"Máy hoạt động tốt,  giao hàng nhanh",approved,0,1,[],1.0,Tiki Trading,"[{'question': 'Thời gian giao hàng?', 'option': 'Giao đúng hẹn'}, {'question': 'Thái độ của shipper?', 'option': 'Lịch sự'}, {'question': 'Giờ giao hàng?', 'option': 'Có hẹn giờ trước'}, {'question': 'Cách đóng gói sản phẩm?', 'option': 'Cẩn thận'}]"
20102194,17740828,145224778,5,Cực kì hài lòng,,approved,0,1,[],1.0,Tiki Trading,[]
19539722,13710875,145224778,1,Rất không hài lòng,Mình cần hỗ trợ cài đặt vì máy in báo lỗi .,approved,0,1,"[{'id': 4287109, 'full_path': 'https://salt.tikicdn.com/ts/review/72/0a/ea/292f7dcb153353eda6411e694e0d3b23.jpg', 'status': 'approved'}, {'id': 4287110, 'full_path': 'https://salt.tikicdn.com/ts/review/0d/89/84/e71dc37f52ff4d1a06a3ba6c5f428db3.jpg', 'status': 'approved'}]",1.0,Tiki Trading,"[{'question': 'Thời gian giao hàng?', 'option': 'Giao đúng hẹn'}, {'question': 'Thái độ của shipper?', 'option': 'Lịch sự'}, {'question': 'Giờ giao hàng?', 'option': 'Có hẹn giờ trước'}, {'question': 'Cách đóng gói sản phẩm?', 'option': 'Cẩn thận'}]"
20089767,8329757,145224778,5,Cực kì hài lòng,,approved,0,1,[],1.0,Tiki Trading,[]
20048724,22912038,145224778,5,Cực kì hài lòng,,approved,0,1,[],1.0,Tiki Trading,[]
18804806,9706638,145224778,5,Cực kì hài lòng,Shop và dịch vụ bảo hành của Lê Bảo Minh SG rất tốt. Máy được bảo hành chính hãng. Do máy bị kẹt hộp mực nhưng đc hỗ trợ rất nhanh chóng,approved,0,0,[],33284.0,Ben Computer,[]
20042797,24593547,145224778,5,Cực kì hài lòng,,approved,0,1,[],1.0,Tiki Trading,[]
20013062,14812914,145224778,5,Cực kì hài lòng,,approved,0,1,[],1.0,Tiki Trading,"[{'question': 'Thời gian giao hàng?', 'option': 'Giao đúng hẹn'}, {'question': 'Thái độ của shipper?', 'option': 'Lịch sự'}, {'question': 'Giờ giao hàng?', 'option': 'Có hẹn giờ trước'}, {'question': 'Cách đóng gói sản phẩm?', 'option': 'Cẩn thận'}]"
19985178,8087664,145224778,4,Hài lòng,xài ok,approved,0,0,[],33284.0,Ben Computer,[]
19669657,1841599,145224778,5,Cực kì hài lòng,Hàng chính hãng của Lê Bảo Minh ạ. Cám ơn cửa hàng. A Di Đà Phật.,approved,1,0,[],33284.0,Ben Computer,[]
18551810,19222465,145224778,1,Rất không hài lòng,Ko hài lòng đặt máy lắp 2 hộp mực một lần đây giao máy lắp được có một hộp à,approved,0,0,"[{'id': 4064106, 'full_path': 'https://salt.tikicdn.com/ts/review/e0/a2/c2/9575906dc032815f047b6875fcde6907.jpg', 'status': 'approved'}]",1.0,Tiki Trading,[]
17085377,11612191,145224778,5,Cực kì hài lòng,Nếu gắn thêm bộ tiếp mực ngoài thì dùng rất ok. Còn ko gắn bộ tiếp mực ngoài thì rất nhanh hết mực. Ok,approved,0,1,"[{'id': 3692099, 'full_path': 'https://salt.tikicdn.com/ts/review/e5/2b/8c/3d2a1375374d53219e4ba0f184078bb7.jpg', 'status': 'approved'}]",125243.0,LBM Store,[]
17054041,27035863,145224778,5,Cực kì hài lòng,"Máy in rẻ, cài đặt nhanh.",approved,0,1,"[{'id': 3683121, 'full_path': 'https://salt.tikicdn.com/ts/review/83/a5/c6/b38aad2ba1a3de9ff8a1783eaf4ca070.jpg', 'status': 'approved'}, {'id': 3683122, 'full_path': 'https://salt.tikicdn.com/ts/review/13/30/07/9e2e7717aa88464cb90f99cadf4884a8.jpg', 'status': 'approved'}, {'id': 3683123, 'full_path': 'https://salt.tikicdn.com/ts/review/45/95/d1/00dc4a2ea30f435fdec89908ea7cb865.jpg', 'status': 'approved'}]",125243.0,LBM Store,[]
15629847,17132589,145224778,5,Cực kì hài lòng,"lúc đầu mình loay hoay mãi mới lắp dk hộp mực, máy in đẹp nhé sd ổn trong tân giá",approved,1,1,"[{'id': 3281531, 'full_path': 'https://salt.tikicdn.com/ts/review/2a/28/fa/c8782208a7525cb027039ee1e7fd049b.jpg', 'status': 'approved'}, {'id': 3281532, 'full_path': 'https://salt.tikicdn.com/ts/review/53/d7/2b/0fe6d04021950366ed2f50dc5f504cf6.jpg', 'status': 'approved'}]",125243.0,LBM Store,[]
17892091,28195349,145224778,5,Cực kì hài lòng,,approved,0,2,"[{'id': 3919203, 'full_path': 'https://salt.tikicdn.com/ts/review/7c/d5/f8/a49f951f772d4d812da54d8358efc8c4.jpg', 'status': 'approved'}, {'id': 3919204, 'full_path': 'https://salt.tikicdn.com/ts/review/49/b1/f4/3d4902285de77445e56b03a26e22c31b.jpg', 'status': 'approved'}, {'id': 3919205, 'full_path': 'https://salt.tikicdn.com/ts/review/4a/54/58/16a1e82fc21ce58a7952fa79d7eb5f99.jpg', 'status': 'approved'}]",1.0,Tiki Trading,[]
18857095,8495488,145224778,5,Cực kì hài lòng,"In màu đẹp, nhưng mực quá mắc để mua.",approved,0,0,"[{'id': 4129984, 'full_path': 'https://salt.tikicdn.com/ts/review/10/b7/98/a374c49b14dcbb573419125af6818551.jpg', 'status': 'approved'}]",125243.0,LBM Store,[]
19481978,251026,145224778,3,Bình thường,mực in vài trang giấy là hết,approved,0,1,[],1.0,Tiki Trading,[]
18857644,10343930,145224778,5,Cực kì hài lòng,"máy in đẹp nhưng mau hết mực, mực in mắc nên ko dám in nhìu luôn",approved,0,0,[],1.0,Tiki Trading,[]
17409737,22437973,145224778,4,Hài lòng,"Đóng hàng rất kỹ, sản phẩm dùng ổn, ảnh photo ra khá là chất lượng",approved,0,0,"[{'id': 3793626, 'full_path': 'https://salt.tikicdn.com/ts/review/51/b6/01/5a4e9d5e38e7a7aecb4d88eec103f29e.jpg', 'status': 'approved'}]",125243.0,LBM Store,[]
18232366,23349920,145224778,5,Cực kì hài lòng,"Máy hoạt động im tốt,hình in ra sắt nét rõ ràng",approved,1,1,"[{'id': 3999944, 'full_path': 'https://salt.tikicdn.com/ts/review/5e/e0/6c/262e5e9bd05a38de9456896cf960d9cf.jpg', 'status': 'approved'}]",1.0,Tiki Trading,[]
19672520,22635067,145224778,5,Cực kì hài lòng,,approved,0,0,[],1.0,Tiki Trading,[]
17961814,8354895,145224778,5,Cực kì hài lòng,"Máy hoạt động tốt, màu mực rõ ràng, dễ sử dụng",approved,0,0,"[{'id': 3936621, 'full_path': 'https://salt.tikicdn.com/ts/review/05/2c/24/8ca91d6a67833b1b2825fdb9b50fe5c9.jpg', 'status': 'approved'}]",1.0,Tiki Trading,[]
19625357,11644696,145224778,5,Cực kì hài lòng,,approved,0,0,[],33284.0,Ben Computer,"[{'question': 'Thời gian giao hàng?', 'option': 'Giao đúng hẹn'}, {'question': 'Thái độ của shipper?', 'option': 'Lịch sự'}, {'question': 'Giờ giao hàng?', 'option': 'Có hẹn giờ trước'}, {'question': 'Cách đóng gói sản phẩm?', 'option': 'Cẩn thận'}]"
19625157,29389656,145224778,5,Cực kì hài lòng,,approved,0,0,[],33284.0,Ben Computer,[]
17174305,21776008,145224778,5,Cực kì hài lòng,"Giao hàng nha , in cũng ổn, thời gian dài sử dụng xong rủi inh tiếp",approved,0,2,"[{'id': 3720477, 'full_path': 'https://salt.tikicdn.com/ts/review/09/6d/95/c40980bd7ff5303613f4644142ebae48.jpg', 'status': 'approved'}]",125243.0,LBM Store,[]
17873529,11224107,145224778,5,Cực kì hài lòng,Đáng đồng tiền bát gạo nhé mn. Nên mua. Tks shop!,approved,0,0,"[{'id': 3914352, 'full_path': 'https://salt.tikicdn.com/ts/review/9d/54/50/fb40ff54fb0567964a6444e5d74e6f94.jpg', 'status': 'approved'}]",1.0,Tiki Trading,[]
19608754,29527450,145224778,5,Cực kì hài lòng,,approved,0,0,[],33284.0,Ben Computer,[]
18773494,1375029,145224778,5,Cực kì hài lòng,Dễ lắp đặt. Hoạt động tốt nhưng hơi mau hết mực.,approved,0,0,[],1.0,Tiki Trading,[]
18979128,28941446,145224778,5,Cực kì hài lòng,"Máy in ngon, chạy mượt, cài đặt dễ dàng",approved,0,0,[],1.0,Tiki Trading,[]
18798744,8398798,145224778,5,Cực kì hài lòng,Máy tốt nhưng mực hơi đắt và mau hết mực.,approved,0,0,[],1.0,Tiki Trading,[]
18329003,11891788,145224778,1,Rất không hài lòng,"Nhờ hỗ trợ cài với, cài chưa được. Chưa đánh giá được",approved,0,0,[],1.0,Tiki Trading,[]
18908971,17527157,145224778,4,Hài lòng,Giao dư 1 day nguồn nhưng thiếu cáp máy in,approved,0,0,[],1.0,Tiki Trading,[]
15440905,21119068,145224778,4,Hài lòng,"Dễ lắp và dễ sử dụng, cài đặt thì chỉ việc lên trang web tải về cài. Tiki đóng gói và giao hàng cẩn thận.",approved,1,0,[],125243.0,LBM Store,[]
18112661,27560063,145224778,5,Cực kì hài lòng,Máy in tốt nhưng mực chưa đẹp lắm theo mong muốn của mình,approved,0,0,[],33284.0,Ben Computer,[]
19395213,8778491,145224778,5,Cực kì hài lòng,,approved,0,0,[],33284.0,Ben Computer,"[{'question': 'Thời gian giao hàng?', 'option': 'Giao đúng hẹn'}, {'question': 'Thái độ của shipper?', 'option': 'Lịch sự'}, {'question': 'Giờ giao hàng?', 'option': 'Có hẹn giờ trước'}, {'question': 'Cách đóng gói sản phẩm?', 'option': 'Cẩn thận'}]"
16746407,27417877,145224778,5,Cực kì hài lòng,Shipper nhiệt tình dễ thương máy chưa mở ra chưa xử dụng nên chưa biết thế nào.,approved,0,0,[],125243.0,LBM Store,[]
17287788,12348214,145224778,5,Cực kì hài lòng,Xé tem ra bơm mực ngoài được bằng kim tiêm xịn. Nên mua để giải trí,approved,0,1,[],125243.0,LBM Store,[]
17700454,9016397,145224778,5,Cực kì hài lòng,"Máy in đẹp, tốc độ nhanh hơn mong đợi so với giá.",approved,0,1,[],125243.0,LBM Store,[]
19126745,10213845,145224778,5,Cực kì hài lòng,,approved,0,0,[],1.0,Tiki Trading,[]
19097668,28590453,145224778,5,Cực kì hài lòng,,approved,0,0,[],1.0,Tiki Trading,[]
17244597,24688662,145224778,5,Cực kì hài lòng,"in màu đẹp phù hợp in bài tập cho các bé, giá thành ok",approved,0,1,[],125243.0,LBM Store,[]
18412245,128594,145224778,5,Cực kì hài lòng,Máy tốt trong tầm giá,approved,0,0,[],1.0,Tiki Trading,[]
18968674,7865228,145224778,5,Cực kì hài lòng,,approved,0,0,[],1.0,Tiki Trading,[]
18921596,7620324,145224778,5,Cực kì hài lòng,,approved,0,0,[],1.0,Tiki Trading,[]
17081195,370339,145224778,4,Hài lòng,"Máy gọn, nhẹ",approved,0,0,"[{'id': 3690919, 'full_path': 'https://salt.tikicdn.com/ts/review/61/60/a1/c61d3e0696490a84b998711f6bd8c4a0.jpg', 'status': 'approved'}]",125243.0,LBM Store,[]
17658810,19285507,145224778,4,Hài lòng,"Máy dùng tốt, phù hợp với túi tiền",approved,0,0,[],125243.0,LBM Store,[]
18752115,13824308,145224778,5,Cực kì hài lòng,,approved,0,0,[],1.0,Tiki Trading,[]
18523988,5171682,145224778,5,Cực kì hài lòng,Mới tốt,approved,0,0,[],1.0,Tiki Trading,[]
18707807,13130948,145224778,5,Cực kì hài lòng,,approved,0,0,[],33284.0,Ben Computer,[]
17697501,9839537,145224778,5,Cực kì hài lòng,Nhỏ nhưng xài rất tốt nha,approved,0,1,[],125243.0,LBM Store,[]
14275331,25910856,145224778,5,Cực kì hài lòng,"Đã dùng thử, máy rẻ nhưng in đạt yêu cầu",approved,0,0,"[{'id': 2987989, 'full_path': 'https://salt.tikicdn.com/ts/review/c3/b3/fb/c24d3e225a2a49f3e23a3735525e2872.jpg', 'status': 'approved'}]",125243.0,LBM Store,[]
18536424,28282841,145224778,5,Cực kì hài lòng,,approved,0,0,[],125243.0,LBM Store,[]
15440638,18795144,145224778,5,Cực kì hài lòng,sài rất oke trong tầm giá,approved,0,0,"[{'id': 3237172, 'full_path': 'https://salt.tikicdn.com/ts/review/f3/de/1a/b46dd997b221c1e0c0ff74bfffe9be5c.jpg', 'status': 'approved'}]",125243.0,LBM Store,[]
18448087,5627122,145224778,5,Cực kì hài lòng,,approved,0,0,[],1.0,Tiki Trading,[]
18405239,18688678,145224778,5,Cực kì hài lòng,,approved,0,0,[],1.0,Tiki Trading,[]
18374570,8121093,145224778,5,Cực kì hài lòng,,approved,0,0,[],33284.0,Ben Computer,[]
18365997,17157668,145224778,4,Hài lòng,,approved,0,0,[],1.0,Tiki Trading,[]
18259167,13780159,145224778,5,Cực kì hài lòng,,approved,0,0,[],1.0,Tiki Trading,[]
16327125,5342527,145224778,5,Cực kì hài lòng,sp tuyệt vời 10 điểm . Giao hàng siêu nhanh,approved,0,1,[],125243.0,LBM Store,[]
18102243,19007505,145224778,5,Cực kì hài lòng,tốt,approved,0,0,[],33284.0,Ben Computer,[]
18245059,984574,145224778,5,Cực kì hài lòng,,approved,0,0,[],1.0,Tiki Trading,[]
18221600,28405720,145224778,5,Cực kì hài lòng,,approved,0,0,[],1.0,Tiki Trading,[]
18218275,1125122,145224778,5,Cực kì hài lòng,,approved,0,0,[],1.0,Tiki Trading,[]
18205637,8916779,145224778,5,Cực kì hài lòng,,approved,0,0,[],33284.0,Ben Computer,[]
18190356,20967789,145224778,5,Cực kì hài lòng,,approved,0,0,[],1.0,Tiki Trading,[]
18120950,10597403,145224778,5,Cực kì hài lòng,,approved,0,0,[],1.0,Tiki Trading,[]
18067817,493941,145224778,5,Cực kì hài lòng,,approved,0,1,[],125243.0,LBM Store,[]
16454043,13634028,145224778,5,Cực kì hài lòng,"tuyệt với , ảnh nét, chạy mượt",approved,0,0,[],125243.0,LBM Store,[]
17936541,7685325,145224778,4,Hài lòng,,approved,0,0,[],1.0,Tiki Trading,[]
17919267,18201703,145224778,5,Cực kì hài lòng,,approved,0,1,[],33284.0,Ben Computer,[]
16155156,26073454,145224778,3,Bình thường,"Máy in giá tốt, dễ dàng lắp đặt",approved,0,0,[],125243.0,LBM Store,[]
17822701,22647577,145224778,5,Cực kì hài lòng,,approved,0,0,[],33284.0,Ben Computer,[]
17028513,22131499,145224778,5,Cực kì hài lòng,"hàng chuẩn ,đẹp",approved,0,1,[],125243.0,LBM Store,[]
17787262,23564514,145224778,4,Hài lòng,,approved,0,0,[],125243.0,LBM Store,[]
17676906,6034839,145224778,5,Cực kì hài lòng,,approved,0,0,[],125243.0,LBM Store,[]
17657230,6003756,145224778,4,Hài lòng,,approved,0,0,[],125243.0,LBM Store,[]
17645931,26202958,145224778,5,Cực kì hài lòng,,approved,0,0,[],125243.0,LBM Store,[]
17608561,12272229,145224778,5,Cực kì hài lòng,,approved,0,0,[],125243.0,LBM Store,[]
17495219,9061090,145224778,5,Cực kì hài lòng,,approved,0,0,[],125243.0,LBM Store,[]
16830386,6625004,145224778,5,Cực kì hài lòng,hàng tốt nhed,approved,0,1,[],125243.0,LBM Store,[]
17482905,6287366,145224778,5,Cực kì hài lòng,,approved,1,0,[],125243.0,LBM Store,[]
17392742,1055782,145224778,5,Cực kì hài lòng,,approved,0,0,[],125243.0,LBM Store,[]
17240000,27467250,145224778,5,Cực kì hài lòng,,approved,0,0,[],125243.0,LBM Store,[]
14445890,10693759,145224778,5,Cực kì hài lòng,"Máy in chính hãng,rất uy tín,5 🌟 cho shop",approved,0,0,[],125243.0,LBM Store,[]
17016187,8231144,145224778,5,Cực kì hài lòng,,approved,0,0,[],125243.0,LBM Store,[]
14685355,2086544,145224778,5,Cực kì hài lòng,Máy in đẹp phù hợp cho gia đình 👍,approved,0,0,[],125243.0,LBM Store,[]
14575973,9046230,145224778,5,Cực kì hài lòng,tốt. màu sắc cũng ok cho tầm giá,approved,0,0,[],125243.0,LBM Store,[]
16635086,7690618,145224778,5,Cực kì hài lòng,,approved,0,0,[],125243.0,LBM Store,[]
16618184,27615609,145224778,5,Cực kì hài lòng,,approved,0,0,[],125243.0,LBM Store,[]
16615964,26503356,145224778,5,Cực kì hài lòng,,approved,0,0,[],125243.0,LBM Store,[]
16312742,8784063,145224778,5,Cực kì hài lòng,Tốt,approved,0,0,[],125243.0,LBM Store,[]
16412368,13164487,145224778,5,Cực kì hài lòng,ok,approved,0,0,[],125243.0,LBM Store,[]
16472104,27488652,145224778,5,Cực kì hài lòng,,approved,0,0,[],125243.0,LBM Store,[]
16313573,10915395,145224778,5,Cực kì hài lòng,,approved,0,0,[],125243.0,LBM Store,[]
16128534,17624775,145224778,5,Cực kì hài lòng,good,approved,0,0,[],125243.0,LBM Store,[]
14710778,1124099,145224778,4,Hài lòng,giao hàng trễ. máy tốt,approved,0,0,[],125243.0,LBM Store,[]
15807135,23530765,145224778,4,Hài lòng,,approved,0,0,[],125243.0,LBM Store,[]
15341400,17244110,145224778,5,Cực kì hài lòng,,approved,0,0,[],125243.0,LBM Store,[]
15220828,11398404,145224778,5,Cực kì hài lòng,,approved,0,0,[],125243.0,LBM Store,[]
15043533,5443616,145224778,5,Cực kì hài lòng,,approved,0,0,[],125243.0,LBM Store,[]
14813413,14796553,145224778,5,Cực kì hài lòng,,approved,0,0,[],125243.0,LBM Store,[]
14627126,13270705,145224778,5,Cực kì hài lòng,,approved,0,0,[],125243.0,LBM Store,[]
14554581,7494404,145224778,5,Cực kì hài lòng,,approved,1,0,[],125243.0,LBM Store,[]
14557112,8085275,145224778,5,Cực kì hài lòng,,approved,0,0,[],125243.0,LBM Store,[]
18302069,6042245,2903577,5,Cực kì hài lòng,Chuẩn.  Hàng ok. Chính hãng,approved,1,0,"[{'id': 4020804, 'full_path': 'https://salt.tikicdn.com/ts/review/37/da/85/24058be6d9915ee61c9abb02ec4f3266.jpg', 'status': 'approved'}, {'id': 4020805, 'full_path': 'https://salt.tikicdn.com/ts/review/a1/40/12/b418d01abc08c0d4eb974d3ca815d381.jpg', 'status': 'approved'}, {'id': 4020806, 'full_path': 'https://salt.tikicdn.com/ts/review/26/d6/2e/e334e0d410902b4704939a08c371ecad.jpg', 'status': 'approved'}, {'id': 4020807, 'full_path': 'https://salt.tikicdn.com/ts/review/0f/38/f7/06e2987ab009fde3901848a909174da6.jpg', 'status': 'approved'}, {'id': 4020808, 'full_path': 'https://salt.tikicdn.com/ts/review/06/0e/37/3e70c7d395cc06a1600f31334d043fc7.jpg', 'status': 'approved'}]",1.0,Tiki Trading,[]
16897853,1609629,2903577,5,Cực kì hài lòng,"Hình thức, đóng gói đẹp. Không trầy xước, không tì vết. In ra rõ nét không bị nhoè.
Bị cái thời gian in hơi chậm kể cả in trắng đen
Hướng dẫn aetup dễ dàng",approved,1,0,"[{'id': 3641393, 'full_path': 'https://salt.tikicdn.com/ts/review/3b/04/30/09d0e0edbe3e9415ff22ef7d7f448cc8.jpg', 'status': 'approved'}, {'id': 3641394, 'full_path': 'https://salt.tikicdn.com/ts/review/5b/b6/ea/2f31962d5fcbc95149f1f6a3ec972748.jpg', 'status': 'approved'}]",1.0,Tiki Trading,[]
18784141,6295601,2903577,5,Cực kì hài lòng,"Gửi đúng mẫu, máy in kêu hơi to, in tốt, scan, copy, dùng wifi ổn. Mực đẹp",approved,0,0,"[{'id': 4113113, 'full_path': 'https://salt.tikicdn.com/ts/review/3b/75/7d/c1d294ab45bf947d58ce8a4372b36d6c.jpg', 'status': 'approved'}, {'id': 4113114, 'full_path': 'https://salt.tikicdn.com/ts/review/72/90/1c/6307140bb779ac8d9b526fe6659dd7e4.jpg', 'status': 'approved'}, {'id': 4113115, 'full_path': 'https://salt.tikicdn.com/ts/review/1f/5d/15/819bb0ed3a13f49bbd6ca2ae33cfbcc4.jpg', 'status': 'approved'}]",1.0,Tiki Trading,[]
19496860,18454859,2903577,4,Hài lòng,"In đẹp, dễ dàng lắp đặt. Tuy nhiên nắp đậy tài liệu để scan quá nhẹ, không đủ lực để giữ cố định bản gốc khi scan",approved,0,0,[],1.0,Tiki Trading,"[{'question': 'Thời gian giao hàng?', 'option': 'Giao đúng hẹn'}, {'question': 'Thái độ của shipper?', 'option': 'Lịch sự'}, {'question': 'Giờ giao hàng?', 'option': 'Có hẹn giờ trước'}, {'question': 'Cách đóng gói sản phẩm?', 'option': 'Cẩn thận'}]"
13139866,14532,2903577,5,Cực kì hài lòng,"❤️ CHÂN THÀNH CẢM ƠN ❤️ 🌐 BDS #HUNGVILAND ☎ *** 🇻🇳 VP: 75 đường 14, Phước Bình, Q9, HCMC 💯 


Máy xài ok - tuy hơi phúc tạp tí
 Nhưng bên này số hotline bảo hành chuối lắm anh em. Brother gọi họ hướng dẫn tỉ mĩ và có hot line riêng. Vanon tự mò nha",approved,0,0,[],1.0,Tiki Trading,[]
19588166,11190696,2903577,5,Cực kì hài lòng,"Giao hàng nhanh , dễ cài đặt và sử dụng, hình in rõ rất đáng tiền 👌",approved,0,0,"[{'id': 4297941, 'full_path': 'https://salt.tikicdn.com/ts/review/a6/fe/1d/016281a46742e11507993ed4b0c7b3a2.jpg', 'status': 'approved'}]",1.0,Tiki Trading,"[{'question': 'Thời gian giao hàng?', 'option': 'Giao đúng hẹn'}, {'question': 'Thái độ của shipper?', 'option': 'Lịch sự'}, {'question': 'Giờ giao hàng?', 'option': 'Có hẹn giờ trước'}, {'question': 'Cách đóng gói sản phẩm?', 'option': 'Cẩn thận'}]"
19383190,8985733,2903577,5,Cực kì hài lòng,Máy dùng rất tốt. tiếc là không có airprint. Bác nào dùng mac hay iphone nên cố chút lên g3020,approved,0,0,[],1.0,Tiki Trading,[]
18788434,1795145,2903577,5,Cực kì hài lòng,"Máy dùng rất tốt, kết nối wifi thuận tiện, máy in chuẩn màu, scan cũng ổn áp nữa",approved,0,0,"[{'id': 4114073, 'full_path': 'https://salt.tikicdn.com/ts/review/33/49/df/02ecb67243b20f430a4ab5a830f689cd.jpg', 'status': 'approved'}]",1.0,Tiki Trading,[]
16827218,19158202,2903577,5,Cực kì hài lòng,"Máy in phun màu đa năng in tốt, có thể in màu cũng như in trắng đen luôn, tốc độ in nhanh, in được đều màu, lên giấy đẹp, đáng mua",approved,0,0,"[{'id': 3622390, 'full_path': 'https://salt.tikicdn.com/ts/review/73/79/c7/c4798bb417acca8c784e5d18ca795af2.jpg', 'status': 'approved'}]",1.0,Tiki Trading,[]
19357076,1769641,2903577,1,Rất không hài lòng,"in trắng đen và in màu điều ra màu tệ quá, không rõ và không tươi, buồn ghê",approved,0,0,[],1.0,Tiki Trading,"[{'question': 'Thời gian giao hàng?', 'option': 'Giao đúng hẹn'}, {'question': 'Thái độ của shipper?', 'option': 'Lịch sự'}, {'question': 'Giờ giao hàng?', 'option': 'Có hẹn giờ trước'}, {'question': 'Cách đóng gói sản phẩm?', 'option': 'Cẩn thận'}]"
16779805,24580553,2903577,5,Cực kì hài lòng,Giao hàng khá nhanh. Dịch vụ rất tốt. Đúng với mô tả và hình ảnh mẫu. Sẽ tiếp tục ủng hộ khi có nhu cầu.,approved,0,0,"[{'id': 3608753, 'full_path': 'https://salt.tikicdn.com/ts/review/10/44/4d/fe5de550a4fe7431e808693ff142fe97.jpg', 'status': 'approved'}]",1.0,Tiki Trading,[]
19455631,859681,2903577,5,Cực kì hài lòng,Sài tốt nha,approved,0,0,[],1.0,Tiki Trading,"[{'question': 'Thời gian giao hàng?', 'option': 'Giao đúng hẹn'}, {'question': 'Thái độ của shipper?', 'option': 'Lịch sự'}, {'question': 'Giờ giao hàng?', 'option': 'Có hẹn giờ trước'}, {'question': 'Cách đóng gói sản phẩm?', 'option': 'Cẩn thận'}]"
18215705,1952836,2903577,5,Cực kì hài lòng,"Giao hàng nhanh, đúng sản phẩm.",approved,0,0,"[{'id': 3996049, 'full_path': 'https://salt.tikicdn.com/ts/review/f5/44/b5/9b93a6d64c0456e8d5e69f29817777cb.jpg', 'status': 'approved'}]",1.0,Tiki Trading,[]
15383171,5708013,2903577,1,Cực kì hài lòng,"Hàng tồn kho, có dấu hiệu như đã qua sử dụng dán lại băng keo, không còn nguyên seal nữa, chưa thấy tiki xuất hóa đơn",approved,0,0,[],1.0,Tiki Trading,[]
19304516,18720963,2903577,5,Cực kì hài lòng,máy êm gọn nhẹ,approved,0,0,[],1.0,Tiki Trading,[]
3183751,5156931,2903577,5,Cực kì hài lòng,"Đáng tiền khi trả thêm phí giao nhanh. Đặt tối hôm trước sáng hôm sau có. Giá ổn. Hàng mới ken, nếu được gói hỗ trợ cài đặt thì hay quá hoặc Tiki bán thêm gói cài đặt. Mua hàng điện tử tại Tiki hay Tiki trading thì yên tâm. thanks!",approved,1,0,"[{'id': 889564, 'full_path': 'https://salt.tikicdn.com/ts/review/49/9f/f9/cfc081bc845f1d3e881b064d9f454fbd.jpg', 'status': 'approved'}]",20850.0,THÀNH CÔNG CAMERA,[]
6201566,1235024,2903577,2,Không hài lòng,"Máy cài đặt xong chỉ in đc trắng đen, có vạch kẻ ngang, loay hoay cả buổi chiều ko in màu được. in *** chỉ ra giấy trắng. Mong Tiki sớm liên hệ lại để hỗ trợ cài đặt",approved,0,1,"[{'id': 1375052, 'full_path': 'https://salt.tikicdn.com/ts/review/64/6d/c3/40570e1a62c61ec31713e6ec1db6e264.jpg', 'status': 'approved'}]",1.0,Tiki Trading,[]
14272909,1390693,2903577,5,Cực kì hài lòng,"Sản phẩm tốt, nhận hàng nhanh chóng, mình đặt hàng bằng tikinow nhận luôn trong ngày, link phụ kiện đầy đủ, cho shop 5 sao",approved,1,0,[],1.0,Tiki Trading,[]
18123950,19950737,2903577,5,Cực kì hài lòng,Máy nặng và khá đẹp giao hàng nhanh và chất lượng,approved,0,0,[],1.0,Tiki Trading,[]
16765025,7491502,2903577,5,Cực kì hài lòng,"Sản phẩm tốt, kết nối wifi thuận tiện",approved,0,0,"[{'id': 3604670, 'full_path': 'https://salt.tikicdn.com/ts/review/83/09/5e/87ac457e08929fcc2def4be3385e8bf7.jpg', 'status': 'approved'}]",1.0,Tiki Trading,[]
13324643,45437,2903577,5,Cực kì hài lòng,Mình chưa *** scan và photocopy. In thì ok nha. Mấy bạn in thấy màu nhạt có thể là do chưa chuyển hệ màu sang cmyk đó.,approved,0,1,[],125243.0,LBM Store,[]
4218111,7321684,2903577,1,Tiền nào của đó?,"Chỉ in được vài chục trang, hết khoảng 1/5 bình mực cam là nó bắt đầu nhoè. Chất lượng máy mới mà quá tệ. Cân nhắc kỹ trước khi mua!",approved,2,2,"[{'id': 1102610, 'full_path': 'https://salt.tikicdn.com/ts/review/63/26/8f/75733d5fce2df99094915439967b4f29.jpg', 'status': 'approved'}, {'id': 1102611, 'full_path': 'https://salt.tikicdn.com/ts/review/1a/4a/9c/477503988bcab533dafddcd3875abf56.jpg', 'status': 'approved'}]",20850.0,THÀNH CÔNG CAMERA,[]
18575750,631872,2903577,5,Cực kì hài lòng,Dùng cực tốt,approved,0,0,[],1.0,Tiki Trading,[]
15660435,515231,2903577,5,Cực kì hài lòng,Phù hợp gia đình in bài vở cho con,approved,0,0,"[{'id': 3289964, 'full_path': 'https://salt.tikicdn.com/ts/review/c2/cb/57/3959582491d845e2c42763db697ae62b.jpg', 'status': 'approved'}]",1.0,Tiki Trading,[]
14727280,302862,2903577,5,Cực kì hài lòng,"máy in khá tốt, cài dặt hơi rườm rà thiết kế mực hơi *** học hơn các hãng khác",approved,2,0,[],1.0,Tiki Trading,[]
3665003,8902069,2903577,4,Hài lòng,"Máy in rất tốt trong tầm giá. Giao hàng rất nhanh, đóng gói cẩn thận",approved,1,0,"[{'id': 1026570, 'full_path': 'https://salt.tikicdn.com/ts/review/26/60/a1/220e198b4bcd07dbccf432a527e6cd1d.jpg', 'status': 'approved'}, {'id': 1026571, 'full_path': 'https://salt.tikicdn.com/ts/review/e2/5b/41/a97b8cd731227e7daf57116e0dddba57.jpg', 'status': 'approved'}, {'id': 1026572, 'full_path': 'https://salt.tikicdn.com/ts/review/ed/cd/e9/78838080b8dd0fa51eb99e71e281554b.jpg', 'status': 'approved'}, {'id': 1026573, 'full_path': 'https://salt.tikicdn.com/ts/review/5b/53/65/5746a5f885cc70a7cfc11e9266c91fb0.jpg', 'status': 'approved'}]",1.0,Tiki Trading,[]
2280425,926578,2903577,2,Dịch vụ của Tiki tệ.,"Tôi tin tưởng lựa Tiki Trading để mua. 
Giao hàng tiêu chuẩn (Dự kiến giao hàng Thứ hai, 24/06/2019). Nhưng đến ngày 25/06/2019 thì vẫn chưa thấy thông tin gì từ Tiki. Sau khi gọi điện thoại lên tổng đài, thì nhân viên đổ lỗi cho bên nhà cung cấp. Tôi nhấn mạnh là tôi mua ở Tiki, và mua của người bán là Tiki Trading, tôi không biết nhà cung cấp nào, thì nhân viên vẫn nói không giải quyết được, sẽ trả lời lại sau. Hẹn tôi trả lời trong ngày, nhưng không hề nhận được phản hồi gì. Đặc biệt, 1 câu xin lỗi về dịch vụ cũng không. Cảm thấy thất vọng về dịch vụ.
2 sao cho máy tốt.",approved,5,0,[],1.0,Tiki Trading,[]
18272362,13126299,2903577,5,Cực kì hài lòng,,approved,0,0,[],858.0,IT CHÍNH HÃNG (HCM),[]
7468161,7995783,2903577,1,Rất không hài lòng,"chào shop, mình mua máy in bên shop, lúc mua về thì in màu rất rõ, nhưng qua 1 tháng thì in màu không được nữa. Shop có thể tư vấn giúp mình không?",approved,0,2,[],1.0,Tiki Trading,[]
17964199,12735319,2903577,5,Cực kì hài lòng,,approved,0,0,[],1.0,Tiki Trading,[]
12396835,598343,2903577,5,Cực kì hài lòng,"May đẹp, gọn gang, dễ lắp ráp . Tiki now giao hàng siêu nhanh và an tam",approved,0,0,[],1.0,Tiki Trading,[]
3219911,1048592,2903577,5,"Máy in tiện dụng, chất lượng","Tiki giao hàng nhanh chóng, sản phẩm BH chính hãng. Bản in màu đẹp, sắc nét. Thích nhất là chế độ photo có màu.",approved,0,0,"[{'id': 900214, 'full_path': 'https://salt.tikicdn.com/ts/review/19/11/47/9a53ee7e08b697c4ac659f4a34936a82.jpg', 'status': 'approved'}, {'id': 900215, 'full_path': 'https://salt.tikicdn.com/ts/review/e4/19/fb/cffd1b19ed06edb90321381fa6e601f0.jpg', 'status': 'approved'}]",1.0,Tiki Trading,[]
16476152,1210748,2903577,5,Cực kì hài lòng,,approved,0,0,[],1.0,Tiki Trading,[]
16474938,17127999,2903577,5,Cực kì hài lòng,,approved,0,0,[],1.0,Tiki Trading,[]
16474827,7656455,2903577,5,Cực kì hài lòng,,approved,0,0,[],1.0,Tiki Trading,[]
15911777,7736153,2903577,5,Cực kì hài lòng,Xài ok,approved,0,0,[],1.0,Tiki Trading,[]
15748082,27167128,2903577,5,Cực kì hài lòng,,approved,0,0,[],1.0,Tiki Trading,[]
4844140,11351163,2903577,1,Rất không hài lòng,Ko hài lòng vì ko có ai lắp đặt phải mướn thợ lắp đặt hết 500k và máy bị nem màu,approved,1,1,"[{'id': 1185400, 'full_path': 'https://salt.tikicdn.com/ts/review/52/58/31/bb33256626c3583aebf1a2a923248af2.jpg', 'status': 'approved'}]",20850.0,THÀNH CÔNG CAMERA,[]
10133185,19491836,2903577,5,Cực kì hài lòng,"Máy nhiều chức năng, đáp ứng được nhu cầu đang cần.",approved,0,0,[],1.0,Tiki Trading,[]
14390120,8649905,2903577,4,Hài lòng,Sài ok,approved,0,0,[],1.0,Tiki Trading,[]
14433863,7407002,2903577,5,Cực kì hài lòng,Great,approved,0,0,[],125243.0,LBM Store,[]
11045562,17436087,2903577,4,Hài lòng,moi nha,approved,0,0,"[{'id': 2268847, 'full_path': 'https://salt.tikicdn.com/ts/review/cd/83/d4/1787db6ba449c8a848dc6e75e30d3e13.jpg', 'status': 'approved'}]",1.0,Tiki Trading,[]
1819322,5354840,2903577,4,hài lòng với sản phẩm,máy cho chất lượng in ảnh đẹp. lắp đặt vận hành đơn giản. đặc biệt thay mực rất dễ. hàng đóng gói rất cẩn thận. shipper giao hàng thân thiện.,approved,11,1,"[{'id': 285106, 'full_path': 'https://salt.tikicdn.com/ts/review/bd/81/98/893c2ee3c1454e92377752fea4924328.jpg', 'status': 'approved'}, {'id': 285110, 'full_path': 'https://salt.tikicdn.com/ts/review/8f/92/40/e14272d09a4a97929a037dad1c155713.jpg', 'status': 'approved'}, {'id': 285114, 'full_path': 'https://salt.tikicdn.com/ts/review/f1/d8/c4/fe3d1236a264c1ed5aa9448c8777cded.jpg', 'status': 'approved'}]",1.0,Tiki Trading,[]
9943828,21649270,2903577,5,Cực kì hài lòng,"sản phẩm nguyên seal, giao hàng nhanh, mọi thứ ok",approved,0,0,[],61236.0,Công Nghệ Anh Long,[]
12722087,14285655,2903577,5,Cực kì hài lòng,hàng chính hãng,approved,0,0,[],1.0,Tiki Trading,[]
13844884,10968694,2903577,5,Cực kì hài lòng,,approved,0,0,[],1.0,Tiki Trading,[]
13647230,578320,2903577,5,Cực kì hài lòng,,approved,0,0,[],1.0,Tiki Trading,[]
13435911,7958699,2903577,5,Cực kì hài lòng,,approved,0,0,[],1.0,Tiki Trading,[]
13380333,16644036,2903577,5,Cực kì hài lòng,,approved,0,0,[],1.0,Tiki Trading,[]
13228907,43784,2903577,5,Cực kì hài lòng,,approved,0,0,[],1.0,Tiki Trading,[]
12973938,7769572,2903577,5,Cực kì hài lòng,,approved,0,0,[],1.0,Tiki Trading,[]
12674866,23116850,2903577,5,Cực kì hài lòng,,approved,0,0,[],1.0,Tiki Trading,[]
12501987,170680,2903577,5,Cực kì hài lòng,,approved,0,0,[],1.0,Tiki Trading,[]
5021421,1824947,2903577,4,Hài lòng,"Đa năng, tiện dụng, mực in dễ mua dễ thay, có wifi, nếu có cổng lan nữa thì 5 sao",approved,0,0,[],1.0,Tiki Trading,[]
11330552,18208351,2903577,5,Cực kì hài lòng,,approved,0,0,[],1.0,Tiki Trading,[]
11284863,203207,2903577,5,Cực kì hài lòng,,approved,0,0,[],1.0,Tiki Trading,[]
11236141,10473847,2903577,4,Hài lòng,,approved,0,0,[],1.0,Tiki Trading,[]
10292746,1607208,2903577,4,Hài lòng,in đẹp,approved,0,0,[],61236.0,Công Nghệ Anh Long,[]
11098103,8392762,2903577,5,Cực kì hài lòng,,approved,0,0,[],1.0,Tiki Trading,[]
2373029,531966,2903577,5,Sản phẩm tốt !!!,"Giao hàng đúng hẹn, đóng gói kĩ càng, sản phẩm phục vụ nhu cầu của mình tốt, phù hợp cho gia đình sử dụng.",approved,0,0,"[{'id': 519803, 'full_path': 'https://salt.tikicdn.com/ts/review/48/54/a2/12a836fd9aa17f33fc537a68de66d851.jpg', 'status': 'approved'}]",1.0,Tiki Trading,[]
10370843,16977760,2903577,5,Cực kì hài lòng,,approved,0,0,[],1.0,Tiki Trading,[]
3130386,1227511,2903577,5,Máy chạy tốt,"Máy in chạy tốt, tuy nhiên lại chưa tích hợp sử dụng với Macos nên chỉ có thể in thông qua Iphone",approved,2,0,[],1.0,Tiki Trading,[]
5677670,11935730,2903577,5,Cực kì hài lòng,Giao hàng nhanh. In chuẩn rõ nét. Rất đẹp,approved,0,0,[],1.0,Tiki Trading,[]
3413482,5280231,2903577,5,"Máy in tốt, nhiều chức năng","Thích nhất phần thay mực được, có cả chức năng scan, kết nối wifi lẫn bluetooth",approved,1,0,[],1.0,Tiki Trading,[]
8652086,8998001,2903577,5,Cực kì hài lòng,,approved,0,0,[],1.0,Tiki Trading,[]
8529791,12192682,2903577,5,Cực kì hài lòng,,approved,0,0,[],1.0,Tiki Trading,[]
8393592,1578173,2903577,5,Cực kì hài lòng,,approved,0,0,[],1.0,Tiki Trading,[]
4325570,17928096,2903577,3,Bình thường,Hàng được. Màu sắc in tạm chấp nhận được,approved,1,0,[],20850.0,THÀNH CÔNG CAMERA,[]
7887549,10375225,2903577,5,Cực kì hài lòng,,approved,0,0,[],1.0,Tiki Trading,[]
7448041,268704,2903577,5,Cực kì hài lòng,,approved,0,0,[],1.0,Tiki Trading,[]
7167425,1780431,2903577,5,Cực kì hài lòng,,approved,0,0,[],1.0,Tiki Trading,[]
6151022,88810,2903577,5,Cực kì hài lòng,,approved,0,0,[],1.0,Tiki Trading,[]
6108840,1881879,2903577,4,Hài lòng,,approved,0,0,[],1.0,Tiki Trading,[]
4282426,14295558,2903577,5,Cực kì hài lòng,máy in tốt. in hình đẹp,approved,0,0,[],20850.0,THÀNH CÔNG CAMERA,[]
4913513,13210908,2903577,4,Hài lòng,,approved,0,0,[],20850.0,THÀNH CÔNG CAMERA,[]
4598965,13170200,2903577,5,Cực kì hài lòng,,approved,0,0,[],20850.0,THÀNH CÔNG CAMERA,[]
4454273,470084,2903577,5,Cực kì hài lòng,,approved,0,0,[],1.0,Tiki Trading,[]
1978224,8904969,2903577,5,Hài lòng với sản phẩm và dịch vụ của Tiki,"Giao hàng nhanh, đóng gói cẩn thận, sản phẩm hoạt động tốt! Đánh giá cao dịch vụ của Tiki",approved,0,4,[],1.0,Tiki Trading,[]
19904873,26743778,2902221,5,Cực kì hài lòng,"Giao đúng thời gian, đóng gói kỹ, in được, in màu hơi nhạt so với ảnh.",approved,0,1,"[{'id': 4362085, 'full_path': 'https://salt.tikicdn.com/ts/review/a7/54/35/b9ff376536e467707258eb95ac8ffa71.jpg', 'status': 'approved'}, {'id': 4362086, 'full_path': 'https://salt.tikicdn.com/ts/review/73/86/25/bfbc0d6bf2cd351dc3798819632b6323.jpg', 'status': 'approved'}, {'id': 4362087, 'full_path': 'https://salt.tikicdn.com/ts/review/16/c6/a0/1b6f7f57e235770733c5af2fdc8622c6.jpg', 'status': 'approved'}, {'id': 4362088, 'full_path': 'https://salt.tikicdn.com/ts/review/f4/72/66/47e14fbef2dc19626fbc5c01b4252ee1.jpg', 'status': 'approved'}, {'id': 4362089, 'full_path': 'https://salt.tikicdn.com/ts/review/75/1c/05/66e044b93e181c21bdaf8bf0d1b2dff3.jpg', 'status': 'approved'}]",1.0,Tiki Trading,"[{'question': 'Thời gian giao hàng?', 'option': 'Giao đúng hẹn'}, {'question': 'Thái độ của shipper?', 'option': 'Lịch sự'}, {'question': 'Giờ giao hàng?', 'option': 'Có hẹn giờ trước'}, {'question': 'Cách đóng gói sản phẩm?', 'option': 'Cẩn thận'}]"
19408463,1512072,2902221,5,Cực kì hài lòng,"Giao hàng Tiki now rất nhanh, mình đang cần gấp nên đặt trong buổi sáng nhận được liền. Máy in cài đặt xong in rất ổn, mình in văn phòng giấy thường nên thấy vậy là ok rồi. Còn in ảnh thì không biết, vì không có nhu cầu. Việc cài đặt hơi khó khăn cho ai không rành, mình thì mở video hướng dẫn trên Youtube và làm theo từng bước thì cũng hoàn thành. Máy mới thì chỉ biết đánh giá vậy, còn độ bền và chất lượng in sau 1 thời gian nữa thì không biết được, hy vọng mọi thứ vẫn ổn như ngày đầu.",approved,0,0,"[{'id': 4260213, 'full_path': 'https://salt.tikicdn.com/ts/review/a4/b9/06/10d00ab9a487f73bb2cd12fff26ce59a.jpg', 'status': 'approved'}]",1.0,Tiki Trading,[]
19986666,9679956,2902221,4,Hài lòng,Shop k ghi là máy k xài đc cho Mac. K có driver của Canon. Phải xài qua 1 app trung gian mới in được trên máy Mac.,approved,0,1,[],1.0,Tiki Trading,"[{'question': 'Thời gian giao hàng?', 'option': 'Giao đúng hẹn'}, {'question': 'Thái độ của shipper?', 'option': 'Lịch sự'}, {'question': 'Giờ giao hàng?', 'option': 'Có hẹn giờ trước'}, {'question': 'Cách đóng gói sản phẩm?', 'option': 'Cẩn thận'}]"
20124798,13936174,2902221,5,Cực kì hài lòng,hàng tốt in đẹp rất hài lòng,approved,0,0,[],1.0,Tiki Trading,[]
5154634,980935,2902221,4,Hài lòng,"Máy to hơn mình tưởng nhưng ngoại hình đẹp. In màu khá ổn so với giá, photo màu hơi lệch nhưng cũng 8/10 so với bản gốc nhé. Scan cũng ok mình có scan thử tấm ảnh cũ của mẹ rồi in lại. Máy ko quá ồn, in màu hơi chậm. để xem dùng lâu thế nào ^^",approved,0,0,"[{'id': 1230820, 'full_path': 'https://salt.tikicdn.com/ts/review/d9/43/0f/79b244fc2b9ee37a11cf0d091050143c.jpg', 'status': 'approved'}, {'id': 1230821, 'full_path': 'https://salt.tikicdn.com/ts/review/27/a5/ae/ebde3834caf9a691a3568e6429b02ef3.jpg', 'status': 'approved'}, {'id': 1230822, 'full_path': 'https://salt.tikicdn.com/ts/review/6f/e1/ba/8e6b31ac7cb45b84ba648381066409f7.jpg', 'status': 'approved'}, {'id': 1230823, 'full_path': 'https://salt.tikicdn.com/ts/review/13/89/97/fd7aa1d4ec07eeb2729c26283fe65719.jpg', 'status': 'approved'}]",1.0,Tiki Trading,[]
20161821,7523633,2902221,4,Hài lòng,,approved,0,0,[],1.0,Tiki Trading,[]
19633566,11439424,2902221,1,Rất không hài lòng,"một cty lớn nhưng không hỗ trợ thay đổi thông tin hóa đơn. mn mua hàng thì nhớ check kĩ nha, chứ đừng như mình rồi mất tiền mất lòng đó",approved,0,1,[],1.0,Tiki Trading,[]
15087313,7767311,2902221,5,Cực kì hài lòng,"Giao hàng đúng hẹn, mặc dù giao tận chiều tối, sản phẩm nguyên vẹn, giao hàng cẩn thận, 5 sao",approved,0,0,"[{'id': 3157682, 'full_path': 'https://salt.tikicdn.com/ts/review/1c/91/f7/40cb2949dd120d9c07fb9577aa633870.jpg', 'status': 'approved'}, {'id': 3157683, 'full_path': 'https://salt.tikicdn.com/ts/review/34/35/04/939750d9ef305208e3f65f6c1e1cbcfe.jpg', 'status': 'approved'}, {'id': 3157684, 'full_path': 'https://salt.tikicdn.com/ts/review/30/3a/3c/f55c0f49ac741f30bcb7633e660471ca.jpg', 'status': 'approved'}, {'id': 3157685, 'full_path': 'https://salt.tikicdn.com/ts/review/a8/81/1e/ef64aaee4d2a44411735b5ce6d8c96eb.jpg', 'status': 'approved'}, {'id': 3157686, 'full_path': 'https://salt.tikicdn.com/ts/review/e9/86/3a/00ea25bb9da4adfc2981e51a9fa8bc99.jpg', 'status': 'approved'}]",1.0,Tiki Trading,[]
18902258,27941906,2902221,1,Rất không hài lòng,Máy lỗi. Nhận hàng mở ra kt thấy trầy. Đặt hàng hôm 28/2/2023. Giao 2/3/2023. Phiếu bảo hành thì 14/2/2023. Làm ăn ***.,approved,0,0,"[{'id': 4141693, 'full_path': 'https://salt.tikicdn.com/ts/review/8f/46/58/f5ed950d5c26e4ec66a75255fc1cdd3f.jpg', 'status': 'approved'}, {'id': 4141694, 'full_path': 'https://salt.tikicdn.com/ts/review/6c/14/50/8b3d7bd1df02baac481c680d4793ddc9.jpg', 'status': 'approved'}]",1.0,Tiki Trading,[]
17982496,28341541,2902221,5,Cực kì hài lòng,"Đặt hàng và máy in về cái vèo sau 3 tiếng, giao siêu nhanh.
Bước đầu mình lắp đặt xong và in thử thấy okay, hi vọng máy dùng sẽ ngon lành.",approved,0,0,"[{'id': 3941291, 'full_path': 'https://salt.tikicdn.com/ts/review/eb/23/2a/00fbe98208e4599a19b97c1fca774f4f.jpg', 'status': 'approved'}, {'id': 3941292, 'full_path': 'https://salt.tikicdn.com/ts/review/a8/f4/71/1153a3864785da4f15b43d3711e08cac.jpg', 'status': 'approved'}]",1.0,Tiki Trading,[]
19307290,1944604,2902221,5,Cực kì hài lòng,"In màu chất lượng ổn, in hơi chậm, rút giấy hơi khó khăn tí. Giao hàng rất nhanh.",approved,0,0,"[{'id': 4236774, 'full_path': 'https://salt.tikicdn.com/ts/review/ff/3b/d0/f2582c159ef08bb80f120e8e5781945d.jpg', 'status': 'approved'}, {'id': 4236775, 'full_path': 'https://salt.tikicdn.com/ts/review/e1/42/04/2de7036e8b9d8bd6537391092d3f5c70.jpg', 'status': 'approved'}]",1.0,Tiki Trading,"[{'question': 'Thời gian giao hàng?', 'option': 'Giao đúng hẹn'}, {'question': 'Thái độ của shipper?', 'option': 'Lịch sự'}, {'question': 'Giờ giao hàng?', 'option': 'Có hẹn giờ trước'}, {'question': 'Cách đóng gói sản phẩm?', 'option': 'Cẩn thận'}]"
19973163,21807603,2902221,1,Rất không hài lòng,"Máy in hư nhiều lần, không hài lòng về sản phẩm",approved,0,1,[],1.0,Tiki Trading,[]
19428858,22932480,2902221,5,Cực kì hài lòng,"Máy in chất lượng so với giá tiền. 
Chỉ có điều khi cần hỗ trợ không biết nhắn ai :))",approved,0,0,"[{'id': 4264576, 'full_path': 'https://salt.tikicdn.com/ts/review/8a/17/51/fd3b0018de136e203de2e29067b6bbf2.jpg', 'status': 'approved'}]",1.0,Tiki Trading,"[{'question': 'Thời gian giao hàng?', 'option': 'Giao đúng hẹn'}, {'question': 'Thái độ của shipper?', 'option': 'Lịch sự'}, {'question': 'Giờ giao hàng?', 'option': 'Có hẹn giờ trước'}, {'question': 'Cách đóng gói sản phẩm?', 'option': 'Cẩn thận'}]"
5767146,16598495,2902221,5,Cực kì hài lòng,"máy tương đối dễ sử dụng, về mình lên youtube xem hướng dẫn . máy to hơn tưởng tượng hihi. chất lượng in cũng khá tốt, về  in liên tục khoảng 100 trag vẫn thấy rất ok. lúc mua cũng sợ máy có vấn đề ko biết làm sao, nhưng may mắn ko sao, tương lai thì chưa biết??",approved,2,0,"[{'id': 1326594, 'full_path': 'https://salt.tikicdn.com/ts/review/4c/32/10/846bb519c73b62e5a1174eeb722078cc.jpg', 'status': 'approved'}, {'id': 1326595, 'full_path': 'https://salt.tikicdn.com/ts/review/d2/91/a4/f453e414d8cf1fe195ce1a347cf85840.jpg', 'status': 'approved'}]",1.0,Tiki Trading,[]
4104542,6329070,2902221,5,Cực kì hài lòng,"Không có gì để chê á. 
1. Đóng gói cẩn thận
2. Nhân viên giao hàng giao nhiều lần nên quen mặt mình luôn, vui vẻ, dễ thương
3. Máy đầy đủ chi tiết như mô tả, kèm 4 lọ mực
4. Sách hướng dẫn chi tiết, dễ hiểu
5. Lắp đặt/ cài đặt cực kỳ dễ. Mình con gái mù công nghệ mà loay hoay mấy phút lắp xong cái máy rồi, in vèo vèo luôn.
6. Tốc độ in tốt. In trắng đen nhanh, in màu so ra vẫn nhanh hơn đi ra tiệm
7. Không ồn đâu, chỉ có lúc setup mực với mở máy thì bình mực chạy chạy mới ồn xíu. Còn in khá êm
8. Màu ra cực đẹp, đã in thử cả giấy thường và giấy in ảnh
9. Nhiều chế độ in, có cả in ảnh thẻ. Mình mua th giấy in làm vài tấm đẹp xức xắc luôn
10. Mực không nhanh hết đâu. Lúc setup chạy gần nửa bình mực Yellow, nhưng mình in nhiều mấy bữa nay vẫn chưa thấy vơi mực.
---- nói chung hài lòng, chỉ sợ xài lâu có sự cố thì khó sửa chữa bảo hành thôi. Vì mình mua hàng công nghệ Tiki nhiều rồi, kinh nghiệm đầy mình :)) còn riêng về sản phẩm này mình cho 5 sao vì chất lượng. Chúc nhà sản xuất bán đắt và luôn giữ chất lượng tốt tới khách hàng.
Thank you!",approved,26,5,"[{'id': 1089925, 'full_path': 'https://salt.tikicdn.com/ts/review/a3/ea/64/1a6249fc4a4cc3b17f4ee0fc2259bda7.jpg', 'status': 'approved'}, {'id': 1089926, 'full_path': 'https://salt.tikicdn.com/ts/review/7e/43/a5/d724289e23de5135a945091692eca002.jpg', 'status': 'approved'}]",1.0,Tiki Trading,[]
17994395,506916,2902221,5,Cực kì hài lòng,"Giao hàng nhanh, cẩn thận. Hài lòng với sản phẩm.
Vì giao về quê nên mình ko chụp hình kịp",approved,0,0,"[{'id': 3943684, 'full_path': 'https://salt.tikicdn.com/ts/review/59/ff/2e/c087e5058a9157d9df113005a0a3744a.jpg', 'status': 'approved'}, {'id': 3943685, 'full_path': 'https://salt.tikicdn.com/ts/review/c7/d0/6e/d10ceb103e6f601e3a69532800d92ed5.jpg', 'status': 'approved'}]",1.0,Tiki Trading,[]
19997969,5706265,2902221,5,Cực kì hài lòng,,approved,0,0,[],20850.0,THÀNH CÔNG CAMERA,[]
5284160,316783,2902221,5,Cực kì hài lòng,"Tiki giao hàng nhanh như một cơn gió. 11h tối thứ 7 đặt hàng, mà trưa cn đã nhận được hàng rùi. Quá bất ngờ luôn. Máy in có sẵn tờ hướng dẫn cài + xem thêm trên youtube nữa, cài xong chạy *** thử in rất ok ko chậm như mình lo, rất thích chế độ in tràn viền. Mức giá cho 1 máy in đa năng rất ok luôn.",approved,0,0,"[{'id': 1251891, 'full_path': 'https://salt.tikicdn.com/ts/review/b6/28/68/a4cdebd14836eb55b9f717225e92416d.jpg', 'status': 'approved'}]",1.0,Tiki Trading,[]
19924634,2000198,2902221,5,Cực kì hài lòng,Mua lần 2 ạh,approved,0,1,[],1.0,Tiki Trading,"[{'question': 'Thời gian giao hàng?', 'option': 'Giao đúng hẹn'}, {'question': 'Thái độ của shipper?', 'option': 'Lịch sự'}, {'question': 'Giờ giao hàng?', 'option': 'Có hẹn giờ trước'}, {'question': 'Cách đóng gói sản phẩm?', 'option': 'Cẩn thận'}]"
3400172,10294835,2902221,5,Cực kì hài lòng,"Máy in chất lượng ngoài mong đợi.
Có điều mình sử dụng giấy ultra premium photo paper glossy thì để ít nó không lấy được giấy, lỗi e2. Để cả sấp 40 tờ vào thì Ok.",approved,5,0,"[{'id': 948488, 'full_path': 'https://salt.tikicdn.com/ts/review/bc/53/1c/7d059225133fd7e9d2c183ab5c813708.jpg', 'status': 'approved'}, {'id': 948489, 'full_path': 'https://salt.tikicdn.com/ts/review/96/f4/76/3f68cbc5f6f8d4c419b84f60a21f5acc.jpg', 'status': 'approved'}, {'id': 948490, 'full_path': 'https://salt.tikicdn.com/ts/review/8f/c1/84/e2571c3b40dcc0cb608005ae5941edc5.jpg', 'status': 'approved'}, {'id': 948491, 'full_path': 'https://salt.tikicdn.com/ts/review/44/9f/d0/242a20876a0c558c8368a99095cbc0c0.jpg', 'status': 'approved'}, {'id': 948492, 'full_path': 'https://salt.tikicdn.com/ts/review/aa/4c/fc/5599504e02ed7ab3e77ac919188b3685.jpg', 'status': 'approved'}]",1.0,Tiki Trading,[]
17946617,587894,2902221,5,Cực kì hài lòng,"Máy hoạt động ổn, màu in đều đẹp
Tin dùng sản phẩm của thương hiệu Canon
Giao hàng nhanh chóng, đúng hẹn",approved,0,0,"[{'id': 3932658, 'full_path': 'https://salt.tikicdn.com/ts/review/d3/85/4b/40ec34af23ca66e8a33a744365a4d203.jpg', 'status': 'approved'}]",1.0,Tiki Trading,[]
19721762,29635784,2902221,4,Hài lòng,Lần in chỉ được 1 tờ nên khá tốn thời gian,approved,0,1,[],1.0,Tiki Trading,"[{'question': 'Thời gian giao hàng?', 'option': 'Giao đúng hẹn'}, {'question': 'Thái độ của shipper?', 'option': 'Lịch sự'}, {'question': 'Giờ giao hàng?', 'option': 'Có hẹn giờ trước'}, {'question': 'Cách đóng gói sản phẩm?', 'option': 'Cẩn thận'}]"
5573845,19146814,2902221,3,ngon bổ rẻ,"ngon bổ rẻ trong tầm giá .
vì mình cũng dùng qua  con nầy rồi. print chất lượng màu ok . giấy hơi ẩm sau print . chậm , thích hợp sử dụng trong gia đình hoặc VP không yêu cầu nhanh
mua rẻ hơn Nguyễn Kim, Phong Vũ  đến trên 300k . nhờ mã giảm giá nên rẻ hơn 400k",approved,1,0,"[{'id': 1299416, 'full_path': 'https://salt.tikicdn.com/ts/review/95/04/e3/1069d5517f8e2990d83e1948e98b5a9a.jpg', 'status': 'approved'}]",1.0,Tiki Trading,[]
5813623,5824244,2902221,5,TỐT,"Giao hàng 1h. HDSD toàn tiếng Anh. Giao diện cài đặt có tiếng Việt, search drive có sẵn trên mạng, search luôn video hướng dẫn cài đặt cho nhanh.",approved,0,0,"[{'id': 1331693, 'full_path': 'https://salt.tikicdn.com/ts/review/a9/a0/c6/db9b60a00d30fbcd3ea8f8a5fa9f7a7e.jpg', 'status': 'approved'}, {'id': 1331694, 'full_path': 'https://salt.tikicdn.com/ts/review/d9/94/0d/b4a08f81593cd5f8106a93a97f1948aa.jpg', 'status': 'approved'}, {'id': 1331695, 'full_path': 'https://salt.tikicdn.com/ts/review/7b/c1/f0/16565702d728cfa66ad146f71989171c.jpg', 'status': 'approved'}, {'id': 1331696, 'full_path': 'https://salt.tikicdn.com/ts/review/c5/28/94/7e9c75bbc6819bdc73121c93487ab4ac.jpg', 'status': 'approved'}]",1.0,Tiki Trading,[]
19664864,5213589,2902221,5,Cực kì hài lòng,Máy tốt,approved,0,0,"[{'id': 4322135, 'full_path': 'https://salt.tikicdn.com/ts/review/34/e1/6f/1d1a50d259b2e36760bb732e9e8d3fa9.jpg', 'status': 'approved'}]",1.0,Tiki Trading,[]
5672248,10531834,2902221,1,Rất không hài lòng,"Sản phẩm hẹn giao trong 24 giờ, cuối cùng cả tuần sau mới nhận được. Gọi biết bao nhiêu cuộc điện thoại hẹn tới hẹn lui còn không có thời gian cụ thể, mình cũng phải đi làm không thể ở nhà đợi 24/24.
Giao được rồi thì dùng được đúng 1 ngày, hôm sau in giấy hình thì máy không cuộn vào được. Gọi thì báo phải tự mang máy ra trung tâm bảo hành, mà cái máy đâu phải nhỏ bé gì, rất to và cồng kềnh.
Tiki trading mình nghe rất nhiều review là sản phẩm không tốt và lại xử lý không chuyên nghiệp mà mình vẫn thử mua. Tính order thêm một cái điện thoại làm quà tặng ở đây mà lần này mình tạch luôn không bao giờ dám đặt hàng trên đây nữa.",approved,0,1,[],1.0,Tiki Trading,[]
18383232,17347005,2902221,5,Cực kì hài lòng,Máy hoạt động ổn. In nét đẹp rõ ràng,approved,0,0,"[{'id': 4034723, 'full_path': 'https://salt.tikicdn.com/ts/review/3f/01/b0/550925473e2a51bd1a088692ab7438cb.jpg', 'status': 'approved'}, {'id': 4034724, 'full_path': 'https://salt.tikicdn.com/ts/review/62/03/a2/79f19b8365452878312facd6ef1bfd80.jpg', 'status': 'approved'}]",1.0,Tiki Trading,[]
19841331,21183610,2902221,5,Cực kì hài lòng,Ok,approved,0,1,[],1.0,Tiki Trading,[]
19834084,29821587,2902221,5,Cực kì hài lòng,,approved,0,1,[],1.0,Tiki Trading,[]
6312022,8300548,2902221,3,Bình thường,"Tạm ổn khi in trắng đen
Còn in màu ko đậm lắm, mình sử dụng giấy in thường. Không biết là do máy setup in nhạt hay do mình chưa chỉnh màu hết cỡ
3***",approved,2,0,"[{'id': 1390139, 'full_path': 'https://salt.tikicdn.com/ts/review/7c/18/90/c976d4e59243d0c7a9471ebc255f5bf6.jpg', 'status': 'approved'}, {'id': 1390140, 'full_path': 'https://salt.tikicdn.com/ts/review/00/4d/59/a9773510ac728ddc63e038f6f09b595a.jpg', 'status': 'approved'}, {'id': 1390141, 'full_path': 'https://salt.tikicdn.com/ts/review/d0/dd/31/3c588410606bc6a19086eef87e177adb.jpg', 'status': 'approved'}]",1.0,Tiki Trading,[]
3976601,7916948,2902221,5,Sản phẩm in nhanh,"Máy này thì mình thích nhất cái bộ mực in phun của nó, trước có dùng máy in laser rồi mà mực Laser không rẻ tí nào mua 3 bộ mực là bằng tiền máy in, hy vọng máy in phun này in được lâu",approved,3,0,"[{'id': 1072600, 'full_path': 'https://salt.tikicdn.com/ts/review/43/48/bf/00bff014542a060f64d22e7dffb03ffd.jpg', 'status': 'approved'}, {'id': 1072601, 'full_path': 'https://salt.tikicdn.com/ts/review/77/88/3c/11be74a93ec94c2d0da84f08aafce855.jpg', 'status': 'approved'}, {'id': 1072602, 'full_path': 'https://salt.tikicdn.com/ts/review/61/3d/fe/d168aa54c2105f10e1fbb92a0863eded.jpg', 'status': 'approved'}]",1.0,Tiki Trading,[]
16511694,8201644,2902221,5,Cực kì hài lòng,màu sắc khá tốt. dễ lắp đặt.chỉ tội in hơi ồn ở bộ khay giấy.mực chính hãng khá đắt.in màu A4 giấy thường tốc độ khoảng 30s 1 trang.,approved,0,0,[],1.0,Tiki Trading,[]
3221313,12670840,2902221,5,quá ổn luôn.,"giao hàng đúng giờ. nguyên đai nguyên kiện, hộp mực in đúng ghi canon. lắp vô cũng dễ. in ra khá đẹp, và copy khá đẹp. 
chỉ có lúc scan lên pdf thì hơi nhòe. chắc chỉnh được. 
nói chung là khá ổn. với lại mực kiểu này thì hết mực thay cũng tiện. chỉ ko biết là để lâu quá có bị khô mực hay hư đầu in ko ?",approved,7,0,"[{'id': 900605, 'full_path': 'https://salt.tikicdn.com/ts/review/b3/28/1b/409d34f06d27bc31f79923a2e89bc97b.jpg', 'status': 'approved'}]",1.0,Tiki Trading,[]
4626409,6652901,2902221,1,Từ chối bảo hành,"Tôi mua sản phẩm này chưa được 1 năm, gửi bảo hành Tiki thì lê bảo minh báo lỗi in không ra mực và in bị lem là do đầu phun mực hở hơi và phải  đóng phí hơn 1 triệu để bảo hành vì đầu phun mực chỉ bảo hành 3 tháng. Rất bực mình vì:
- Thông tin sản phâm công bố là bảo hành 1 năm (không có ghi đầu phun mực bảo hành 3 tháng - nếu có ghi thì đã không mua). Nếu ban đầu là thế thì nên ghi rõ ràng, công bố sản phẩm bảo hành 1 năm nhưng thông tin đầu phun mực bảo hành 3 tháng thì không công bố. Máy in mà bảo hành 3 tháng ai mà mua
- Máy in kém chất lượng, xài chưa đến 1 năm đã hư đầu phun mực.
- Tiki không giải quyết.
Khuyến cáo không nên mua sản phẩm",approved,8,1,[],1.0,Tiki Trading,[]
4529537,7118611,2902221,5,Đánh giá máy in Canon G2010,"Máy in phun màu đa chức năng Canon Pixma G2010 in ảnh màu rất đẹp, tiết kiệm mực in, nạp mực tự động, dễ dàng cài đặt và sử dụng. Tuy nhiên, hình in ra nhìn kỹ sẽ thấy các đường chấm chấm nhỏ song song trên giấy in dù đã in bằng chế độ High. Tiki bán máy in này giá tốt, đóng gói và vận chuyển cẩn thận, giao hàng nhanh.",approved,3,0,[],1.0,Tiki Trading,[]
4258930,1160106,2902221,5,Cực kì hài lòng,Mua cái máy vừa tiền mà thích ơi là thích. Xuất sắc luôn! Ko nghĩ với tầm giá này mà có cái máy làm công việc vp đỡ nhàm chán hơn nhiều. Điểm trừ duy nhất là ồn nha các bạn. Máy ko êm đâu đó là in phun ấy. Nhưng màu thì perfect luôn!,approved,2,0,"[{'id': 1107616, 'full_path': 'https://salt.tikicdn.com/ts/review/93/b3/77/d709a8ad4b8b6782b66d2980516d642e.jpg', 'status': 'approved'}]",1.0,Tiki Trading,[]
18741638,16118701,2902221,4,Hài lòng,"Máy in hoạt động tốt lắm, rất hài lòng về số, giáo hơi trễ:)))",approved,0,0,[],1.0,Tiki Trading,[]
19548693,6835901,2902221,4,Hài lòng,In hinh khong dep,approved,0,0,[],1.0,Tiki Trading,[]
18704471,6134081,2902221,3,Bình thường,"máy kêu to, in và scan ko được sắc nét cho lăm, mực dùng khá tốn",approved,0,0,[],1.0,Tiki Trading,[]
2816009,519774,2902221,5,Tạm ổn so với giá tiền,"Điểm +: Tiki giao hàng nhanh chóng và đóng gói cẩn thận.
Sản phẩm Canon tốt, tuy nhiên ban đầu phần lắp ráp mình hơi lúng túng ở phần cardrige sau đó lên youtube search cách lắp đặt thì rất nhanh. In thử vài trang thì thấy ổn, mực tạm được.
Điểm -: tốc độ in hơi chậm",approved,7,1,"[{'id': 738091, 'full_path': 'https://salt.tikicdn.com/ts/review/d1/d2/cf/2aeee3e8cfb7fc8b3e1ba6e3d0cb5fe7.jpg', 'status': 'approved'}]",1.0,Tiki Trading,[]
19417000,22410363,2902221,5,Cực kì hài lòng,"Máy in đẹp, màu chuẩn",approved,0,0,[],1.0,Tiki Trading,[]
10270853,8842828,2902221,5,Cực kì hài lòng,"Cài driver trên máy Win
Máy in tốt
Màu ok 
Lâu lâu hơi sọc tí nhưng vẫn ổn",approved,0,0,"[{'id': 2096051, 'full_path': 'https://salt.tikicdn.com/ts/review/fe/2a/6d/6ac79ebf26a4ccbadbb7be470477706b.jpg', 'status': 'approved'}, {'id': 2096052, 'full_path': 'https://salt.tikicdn.com/ts/review/55/89/fa/97d3e7ee06702421c398bb173c70f0d7.jpg', 'status': 'approved'}, {'id': 2096053, 'full_path': 'https://salt.tikicdn.com/ts/review/09/a4/4a/859e16a635092994743889ac1ad23aef.jpg', 'status': 'approved'}]",61236.0,Công Nghệ Anh Long,[]
17878075,16279759,2902221,5,Cực kì hài lòng,,approved,0,0,"[{'id': 3915523, 'full_path': 'https://salt.tikicdn.com/ts/review/d8/65/ee/970f595aa1f18c76c4fb82126a5ef823.jpg', 'status': 'approved'}, {'id': 3915524, 'full_path': 'https://salt.tikicdn.com/ts/review/a1/7f/94/46c651dee5902040452f9d9ba553e794.jpg', 'status': 'approved'}]",1.0,Tiki Trading,[]
19148863,12603211,2902221,4,Hài lòng,"Alo, có ai qua ráp giúp không",approved,0,0,[],1.0,Tiki Trading,[]
18837229,6462007,2902221,5,Cực kì hài lòng,Máy in màu đẹp. Nhưng chạy kêu hơi to :),approved,0,0,[],1.0,Tiki Trading,[]
2450419,11374351,2902221,5,"Máy in khá đẹp, giá vừa tầm","Tiki giao hàng nhanh. Máy đầy đủ phụ kiện, dễ lắp đặt, dễ sử dụng. Có chức năng in và photo . Tuy nhiên  ảnh chụp  in ra không nét lắm, màu hơi nhat so với ảnh gốc",approved,9,0,"[{'id': 566499, 'full_path': 'https://salt.tikicdn.com/ts/review/3c/a1/97/1dd7308991c1bad277be5398a416c0ae.jpg', 'status': 'approved'}, {'id': 566500, 'full_path': 'https://salt.tikicdn.com/ts/review/70/98/f9/43d7ec4b31737a86f0d3d06d78eae6b8.jpg', 'status': 'approved'}, {'id': 566501, 'full_path': 'https://salt.tikicdn.com/ts/review/48/76/30/8b643594d2fb80fb35b10568b65f3dd8.jpg', 'status': 'approved'}, {'id': 566502, 'full_path': 'https://salt.tikicdn.com/ts/review/f4/73/18/bc1e80a07b6cda5fb962732c9c67ae2c.jpg', 'status': 'approved'}]",1.0,Tiki Trading,[]
19415929,15619286,2902221,5,Cực kì hài lòng,,approved,0,0,[],1.0,Tiki Trading,[]
19366417,774439,2902221,5,Cực kì hài lòng,,approved,0,0,[],1.0,Tiki Trading,"[{'question': 'Thời gian giao hàng?', 'option': 'Giao đúng hẹn'}, {'question': 'Thái độ của shipper?', 'option': 'Lịch sự'}, {'question': 'Giờ giao hàng?', 'option': 'Có hẹn giờ trước'}, {'question': 'Cách đóng gói sản phẩm?', 'option': 'Cẩn thận'}]"
8672334,7325736,2902221,1,Rất không hài lòng,"Mới mua Máy G2010 dùng thử đc 2,3 lần ...sau đó mấy ngày bật lại thì máy báo lỗi ...2 đèn Xanh và Vàng sáng đứng im ....không biết là lỗi gì . Xin trợ giúp tư vấn khắc phục lỗi !",approved,0,0,[],1.0,Tiki Trading,[]
11412098,8519138,2902221,5,Cực kì hài lòng,Không hiểu sao mua 17/7 mà phiếu bảo hành lại là 7/7? Ngoài ra thì tất cả đều tốt,approved,0,0,"[{'id': 2345430, 'full_path': 'https://salt.tikicdn.com/ts/review/52/dc/69/5db1dfa5596d87406b91209cd2be0933.jpg', 'status': 'approved'}, {'id': 2345431, 'full_path': 'https://salt.tikicdn.com/ts/review/2c/a8/29/8470121b05b5b65d0d0b81cebc929f1a.jpg', 'status': 'approved'}]",1.0,Tiki Trading,[]
19296262,29190689,2902221,5,Cực kì hài lòng,,approved,0,0,[],1.0,Tiki Trading,[]
18793705,1771770,2902221,5,Cực kì hài lòng,"Máy in tốt, lắp đặt dễ",approved,0,0,[],1.0,Tiki Trading,[]
7391355,10589248,2902221,4,Hài lòng,"Máy in dùng uki. Khi khởi động và in hơi ồn một chút. Máy nhìn hơi nam tính, dùng cho nam thì uki, bạn nữ nào muốn mua về thì cân nhắc chút nha",approved,0,0,"[{'id': 1539119, 'full_path': 'https://salt.tikicdn.com/ts/review/89/a7/a8/c39b3e5d3d734dea9f6ceeeb9fcb18f4.jpg', 'status': 'approved'}]",1.0,Tiki Trading,[]
19067230,28693396,2902221,5,Cực kì hài lòng,,approved,0,0,[],1.0,Tiki Trading,[]
19066230,10993203,2902221,5,Cực kì hài lòng,,approved,0,0,[],1.0,Tiki Trading,"[{'question': 'Thời gian giao hàng?', 'option': 'Giao đúng hẹn'}, {'question': 'Thái độ của shipper?', 'option': 'Lịch sự'}, {'question': 'Giờ giao hàng?', 'option': 'Có hẹn giờ trước'}, {'question': 'Cách đóng gói sản phẩm?', 'option': 'Cẩn thận'}]"
18999548,13126299,2902221,5,Cực kì hài lòng,,approved,0,0,[],1.0,Tiki Trading,[]
18931006,9869928,2902221,5,Cực kì hài lòng,,approved,0,0,[],1.0,Tiki Trading,[]
16394453,707916,2902221,5,Cực kì hài lòng,"Sản phẩm tốt, dễ cài đặt, win 10 thì xài luôn khỏi cài driver",approved,0,0,[],1.0,Tiki Trading,[]
18905067,21547053,2902221,5,Cực kì hài lòng,,approved,0,0,[],1.0,Tiki Trading,[]
16715079,14206190,2902221,5,Rất không hài lòng,"giao hàng  nhanh, máy  nguyên  sửa lại và hoạt động  tốt",approved,0,0,[],1.0,Tiki Trading,[]
18859171,18607571,2902221,5,Cực kì hài lòng,,approved,0,0,[],1.0,Tiki Trading,[]
5667124,19093780,2902221,5,Cực kì hài lòng,,approved,0,0,"[{'id': 1313766, 'full_path': 'https://salt.tikicdn.com/ts/review/c4/5e/55/22eb94a718184b38b9d67156c91a98c4.jpg', 'status': 'approved'}, {'id': 1313767, 'full_path': 'https://salt.tikicdn.com/ts/review/1e/49/92/8f1622a771b0b261bd3361d2a1815cca.jpg', 'status': 'approved'}, {'id': 1313768, 'full_path': 'https://salt.tikicdn.com/ts/review/fb/ef/53/ec19783b7dc39c1fe603194be187227a.jpg', 'status': 'approved'}, {'id': 1313769, 'full_path': 'https://salt.tikicdn.com/ts/review/00/f1/be/6872e60bc06431f26badf1ae1bde39c1.jpg', 'status': 'approved'}, {'id': 1313770, 'full_path': 'https://salt.tikicdn.com/ts/review/bd/f6/84/b96d1561cde3a9d3ef94b7327af6d2c2.jpg', 'status': 'approved'}]",20850.0,THÀNH CÔNG CAMERA,[]
18559532,17484192,2902221,4,Hài lòng,,approved,0,0,[],1.0,Tiki Trading,[]
18547233,14319156,2902221,5,Cực kì hài lòng,,approved,0,0,[],1.0,Tiki Trading,[]
18545319,17955450,2902221,5,Cực kì hài lòng,,approved,0,0,[],1.0,Tiki Trading,[]
18442541,2209838,2902221,5,Cực kì hài lòng,,approved,0,0,[],1.0,Tiki Trading,[]
14918620,19684239,2902221,5,Cực kì hài lòng,"shop bán hàng ok in ra nét lắm , nét hơn với giấy dùng để in ảnh",approved,0,0,[],858.0,IT CHÍNH HÃNG (HCM),[]
15720429,454061,2902221,4,Hài lòng,Máy in okay nhưng không kết nối wifi nên phải xài dây,approved,0,0,[],1.0,Tiki Trading,[]
10839276,2000198,2902221,5,Cực kì hài lòng,hì hục một luca xem hướng dẫn thì cũng setup xong. hài lòng với sản phẩm,approved,1,0,"[{'id': 2226388, 'full_path': 'https://salt.tikicdn.com/ts/review/f8/ce/c5/c4aa231f9d99b346da6e7f1564e08be7.jpg', 'status': 'approved'}]",19553.0,Trung Việt Hưng Shop,[]
18144531,28414370,2902221,4,Hài lòng,,approved,0,0,[],1.0,Tiki Trading,[]
11061497,17321056,2902221,5,Cực kì hài lòng,"Sản phẩm đóng gói quy cách cẩn thận, chất lượng đúng với mô tả.",approved,0,0,"[{'id': 2271928, 'full_path': 'https://salt.tikicdn.com/ts/review/06/dc/7e/e79ae4e8174be0d1a7c372e9770baf9c.jpg', 'status': 'approved'}]",1.0,Tiki Trading,[]
18076979,465499,2902221,5,Cực kì hài lòng,,approved,0,0,[],1.0,Tiki Trading,[]
17468316,19426539,2902221,5,Cực kì hài lòng,Máy in đẹp.,approved,0,0,[],858.0,IT CHÍNH HÃNG (HCM),[]
16515012,1090847,2902221,5,Cực kì hài lòng,"Giao hàng rất nhanh, máy in tốt",approved,0,0,[],1.0,Tiki Trading,[]
17924116,1704399,2902221,5,Cực kì hài lòng,,approved,0,0,[],1.0,Tiki Trading,[]
17834464,672587,2902221,5,Cực kì hài lòng,,approved,0,0,[],1.0,Tiki Trading,[]
17629757,6789399,2902221,5,Cực kì hài lòng,,approved,0,0,[],858.0,IT CHÍNH HÃNG (HCM),[]
17474731,7908104,2902221,5,Cực kì hài lòng,,approved,0,0,[],1.0,Tiki Trading,[]
17289177,1132858,2902221,5,Cực kì hài lòng,,approved,0,0,[],858.0,IT CHÍNH HÃNG (HCM),[]
12119231,1146743,2902221,4,Cực kì hài lòng,"In ổn, tuy nhiên khởi động rất lâu",approved,0,0,"[{'id': 3702189, 'full_path': 'https://salt.tikicdn.com/ts/review/57/c2/47/9e5d02d0a60c7fa8015fe4ca519b1611.jpg', 'status': 'approved'}]",1.0,Tiki Trading,[]
4352843,715451,2902221,5,Cực kì hài lòng,"Máy chính hãng, dễ sử dụng, lần đầu tiên mình đụng tới máy in nhưng vẫn biết cài đặt. Không biết bền không nhưng vẫn đánh giá 5* vì hàng chất lượng",approved,1,0,[],1.0,Tiki Trading,[]
17143136,10026238,2902221,5,Cực kì hài lòng,,approved,0,0,[],858.0,IT CHÍNH HÃNG (HCM),[]
16726976,20439303,2902221,5,Cực kì hài lòng,,approved,0,0,[],1.0,Tiki Trading,[]
16626471,15103911,2902221,5,Cực kì hài lòng,,approved,0,0,[],858.0,IT CHÍNH HÃNG (HCM),[]
15568951,16902275,2902221,5,Cực kì hài lòng,Good! Good! Good!,approved,0,0,[],858.0,IT CHÍNH HÃNG (HCM),[]
3733608,6125528,2902221,5,sản phẩm ổn định nhưng ồn,"sản phẩm sử dụng ổn định, có điều máy chạy khá ồn từ khâu nạp giấy đến khâu in, so với máy in cùng dòng của HP",approved,1,0,"[{'id': 1036621, 'full_path': 'https://salt.tikicdn.com/ts/review/5a/3f/9e/6d9ff7579e85dd38cbd7adf035c0bd5d.jpg', 'status': 'approved'}]",1.0,Tiki Trading,[]
16350952,10276991,2902221,5,Hài lòng,Ok,approved,0,0,[],1.0,Tiki Trading,[]
16312697,26315322,2902221,5,Cực kì hài lòng,,approved,0,0,[],1.0,Tiki Trading,[]
11131584,12640321,2902221,5,Cực kì hài lòng,In rất rõ  và nét. Nên mua ạ,approved,1,0,"[{'id': 2286988, 'full_path': 'https://salt.tikicdn.com/ts/review/93/db/72/965febd2078e03eb9d4c4730624ac83b.jpg', 'status': 'approved'}]",1.0,Tiki Trading,[]
16054409,20385522,2902221,5,Hài lòng,,approved,0,0,[],1.0,Tiki Trading,[]
16027802,12789895,2902221,5,Cực kì hài lòng,,approved,0,0,[],1.0,Tiki Trading,[]
15822037,279864,2902221,5,Cực kì hài lòng,,approved,0,0,[],1.0,Tiki Trading,[]
15744265,1664237,2902221,5,Cực kì hài lòng,,approved,0,0,[],1.0,Tiki Trading,[]
15697808,18533277,2902221,5,Cực kì hài lòng,,approved,0,0,[],1.0,Tiki Trading,[]
15393447,23436057,2902221,5,Cực kì hài lòng,,approved,0,0,[],858.0,IT CHÍNH HÃNG (HCM),[]
15254215,23152412,2902221,5,Cực kì hài lòng,,approved,0,0,[],1.0,Tiki Trading,[]
14666668,26385663,2902221,5,Cực kì hài lòng,sp tốt,approved,0,0,[],858.0,IT CHÍNH HÃNG (HCM),[]
9329241,8593186,2902221,5,Cực kì hài lòng,"Máy tốt, nhiều tính năng, dễ sử dụng, win 10 tự nhận driver.",approved,0,0,[],61236.0,Công Nghệ Anh Long,[]
14631829,1115873,2902221,5,Cực kì hài lòng,,approved,0,1,[],156976.0,CIVIP Technology,[]
14557995,17544338,2902221,5,Cực kì hài lòng,,approved,1,0,[],858.0,IT CHÍNH HÃNG (HCM),[]
2776919,5235,2902221,5,Cực kì hài lòng,"Máy in đẹp, hdsd rất trực quan có video hướng dẫn nên lắp ráp dễ dàng. Bình mực tiếp mực dễ, máy in phun ưng ý nhất của mình",approved,0,0,"[{'id': 725040, 'full_path': 'https://salt.tikicdn.com/ts/review/3b/0a/b7/140f2187b0e9a39ae5c036773876375e.jpg', 'status': 'approved'}]",1.0,Tiki Trading,[]
14501806,8929431,2902221,5,Cực kì hài lòng,,approved,0,0,[],858.0,IT CHÍNH HÃNG (HCM),[]
14354803,1824402,2902221,5,Cực kì hài lòng,,approved,0,0,[],1.0,Tiki Trading,[]
3870526,11878810,2902221,1,No use machine!not fit to Mac,"Can not use for Mac system computer ,even I not yet open the box,Tiki said can not return this orient machine,so now I spend 2850000vnd for no use!",approved,0,0,[],20850.0,THÀNH CÔNG CAMERA,[]
2510465,412684,2902221,4,Ổn,"Các chức năng đều ok, chỉ có điều xài được 1 năm rồi thì lỗi các kiểu: báo hết mực - m phải mua code để reset; đầu phun cần được làm sạch - mà k biết làm.",approved,14,0,[],1.0,Tiki Trading,[]
5601230,2121322,2902221,1,Rất không hài lòng,Sản phẩm mới giao bị lỗi. 1 tuần mà vẫn k giải quyết xong chưa giao máy khác,approved,0,1,[],1.0,Tiki Trading,[]
12612148,64742,2902221,5,Cực kì hài lòng,,approved,0,0,[],1.0,Tiki Trading,[]
2777573,186581,2902221,5,Cực kì hài lòng,"Đóng gói cẩn thận. 
Máy dùng tốt, in, scan hay copy đều ổn, mực phun đều. Có điều in ảnh thì vẫn mờ chứ không nét, phù hợp trong tầm giá.",approved,0,0,[],1.0,Tiki Trading,[]
8192549,19240363,2902221,5,Cực kì hài lòng,Tôi thích sản phẩm này và lần sau tôi vẫn mua.,approved,0,0,[],1.0,Tiki Trading,[]
12322451,992864,2902221,5,Cực kì hài lòng,,approved,0,1,[],156976.0,CIVIP Technology,[]
2564521,6677267,2902221,5,Cực kì hài lòng,Giao hàng rất nhanh. Máy gọn và cài đặt dễ dàng. Cảm thấy in hơi chậm so với máy cũ hp mình dùng nhưng vì đa năng và dễ đổ mực nên vẫn là ưng ý!!,approved,2,0,[],1.0,Tiki Trading,[]
8399608,1401430,2902221,5,Cực kì hài lòng,Sp ok,approved,0,0,"[{'id': 3589134, 'full_path': 'https://salt.tikicdn.com/ts/review/19/8f/1f/21b8276075e17dad0732b7d276044d10.jpg', 'status': 'approved'}]",1.0,Tiki Trading,[]
9813625,10404511,2902221,5,Cực kì hài lòng,sản phẩm chất lượng ?,approved,0,0,[],19553.0,Trung Việt Hưng Shop,[]
3784311,7968780,2902221,4,Hài lòng,máy mình mua sài 1 thời gian thì in màu ko dc.giờ chỉ in đc trắng đen thôi.mong nhận dc sự trợ giúp,approved,6,0,[],1.0,Tiki Trading,[]
6831445,6033986,2902221,5,Cực kì hài lòng,ổn áp lắm mn,approved,0,0,"[{'id': 1459610, 'full_path': 'https://salt.tikicdn.com/ts/review/83/2c/79/bda91c70592578e8f05f7b20a7b43268.jpg', 'status': 'approved'}]",1.0,Tiki Trading,[]
2211723,886586,2902221,5,Máy in Scan tốt nhiều soft đính kèm,"Vẫn không thể thất vọng với Canon :D 
Sử dụng mực chính hãng chắc tốt hơn, trước đó xài con khác sử dụng mực lõm ngoài riết hư đầu phun",approved,0,0,"[{'id': 439872, 'full_path': 'https://salt.tikicdn.com/ts/review/72/91/75/65f73c9de4a1b421ad230b506e35323f.jpg', 'status': 'approved'}]",1.0,Tiki Trading,[]
3731134,7513937,2902221,5,Cực kì hài lòng,"Hàng nguyên đai, nguyên kiện, chưa lắp thứ nhưng rất ưng ý.",approved,0,0,"[{'id': 1036188, 'full_path': 'https://salt.tikicdn.com/ts/review/3d/3b/de/2d6e9e0ae22243f0e327800428c0030a.jpg', 'status': 'approved'}]",1.0,Tiki Trading,[]
11896435,12501573,2902221,5,Cực kì hài lòng,,approved,0,1,[],156976.0,CIVIP Technology,[]
11800649,9715483,2902221,4,Hài lòng,,approved,0,0,[],1.0,Tiki Trading,[]
3947308,2158659,2902221,5,Cực kì hài lòng,Ban đầu sử dụng không biết lắp ráp lên youtube chỉ xài đơn giản được ngay. Màu ổn,approved,0,0,[],1.0,Tiki Trading,[]
11457184,189964,2902221,5,Hài lòng,,approved,0,0,[],1.0,Tiki Trading,[]
3536968,6470533,2902221,5,Cực kì hài lòng,"Máy xài ổn, máy in nào mà chẳng có tiếng ồn, máy này vậy là ổn, in nhanh, mỗi tội hao mực quá",approved,0,0,[],1.0,Tiki Trading,[]
11328288,21189133,2902221,5,Cực kì hài lòng,,approved,0,0,[],19553.0,Trung Việt Hưng Shop,[]
11318431,17668085,2902221,4,Hài lòng,,approved,0,0,[],1.0,Tiki Trading,[]
11064944,1754316,2902221,4,Hài lòng,,approved,0,0,[],1.0,Tiki Trading,[]
9827820,1789448,2902221,4,Cực kì hài lòng,sp dùng ổn,approved,0,0,[],1.0,Tiki Trading,[]
7857644,18504205,2902221,5,Cực kì hài lòng,nói chung là k có gì để chê.,approved,0,0,[],1.0,Tiki Trading,[]
3666673,5951872,2902221,4,Hóa đơn,"Mình chỉ nhận được hóa đơn vận chuyển của Tiki, còn hóa đơn máy in không có hả Ad",approved,1,1,[],20850.0,THÀNH CÔNG CAMERA,[]
10699113,20974787,2902221,5,Cực kì hài lòng,,approved,0,0,[],19553.0,Trung Việt Hưng Shop,[]
6127880,7778299,2902221,5,Cực kì hài lòng,"In ổn, màu tương đối, chấp nhận được",approved,0,0,[],1.0,Tiki Trading,[]
10379003,11185438,2902221,5,Cực kì hài lòng,,approved,0,0,[],1.0,Tiki Trading,[]
10009144,21939983,2902221,5,Cực kì hài lòng,,approved,0,0,[],1.0,Tiki Trading,[]
4249540,17778658,2902221,3,Bình thường,Cho mình hỏi máy mình mua về bơm mực k lên mực đen là sao vậy ạ,approved,0,0,[],1.0,Tiki Trading,[]
8524680,10878179,2902221,5,Cực kì hài lòng,sản phẩm tốt,approved,0,0,[],1.0,Tiki Trading,[]
5906616,19359898,2902221,4,Hài lòng,,approved,0,0,"[{'id': 2060891, 'full_path': 'https://salt.tikicdn.com/ts/review/b6/96/c8/e86719d4dcefbcdf38bd65f5763c2f13.jpg', 'status': 'approved'}]",1.0,Tiki Trading,[]
5219978,18238195,2902221,5,Cực kì hài lòng,ok . máy êm,approved,0,0,"[{'id': 1240863, 'full_path': 'https://salt.tikicdn.com/ts/review/46/3a/aa/1d048bb4da1e877db197b904e9be7032.jpg', 'status': 'approved'}]",1.0,Tiki Trading,[]
9709914,7405514,2902221,5,Cực kì hài lòng,,approved,0,0,[],19553.0,Trung Việt Hưng Shop,[]
9536718,7427795,2902221,5,Cực kì hài lòng,,approved,0,0,[],1.0,Tiki Trading,[]
6141660,709844,2902221,2,Không hài lòng,Không hiểu sao khi in bị ồn quá,approved,0,1,[],1.0,Tiki Trading,[]
1769594,672067,2902221,5,Điểm 10,"Về sản phẩm được đóng gói cẩn thận. Bảo hành chính hãng nhưng chỉ tiếc là máy chưa hỗ trợ hệ điều hành MacOs. 
Về chất lượng dịch vụ của Tiki mình rất hài lòng. Điểm 10 cho chất lượng dịch vụ.",approved,7,2,[],1.0,Tiki Trading,[]
5619718,8782921,2902221,5,Cực kì hài lòng,,approved,0,0,"[{'id': 1440166, 'full_path': 'https://salt.tikicdn.com/ts/review/c1/cf/8f/73bf7f5ebb5cff906c9b270e2ec2b023.jpg', 'status': 'approved'}]",1.0,Tiki Trading,[]
4006097,1762226,2902221,5,Cực kì hài lòng,"In rõ, đa năng in màu, scan màu và photo màu, rất đáng đồng tiền",approved,0,0,[],1.0,Tiki Trading,[]
8916555,7255383,2902221,5,Cực kì hài lòng,,approved,0,0,[],1.0,Tiki Trading,[]
6463390,1228404,2902221,5,Cực kì hài lòng,Ngon cắm vào chạy luôm,approved,0,0,[],1.0,Tiki Trading,[]
8759569,7497008,2902221,5,Cực kì hài lòng,,approved,0,0,[],1.0,Tiki Trading,[]
6137059,2118162,2902221,5,Cực kì hài lòng,In màu và scan rất tốt.,approved,0,0,[],1.0,Tiki Trading,[]
8249879,20572053,2902221,5,Cực kì hài lòng,tốt,approved,0,0,[],1.0,Tiki Trading,[]
8547198,1049443,2902221,5,Cực kì hài lòng,,approved,0,0,[],61236.0,Công Nghệ Anh Long,[]
3777596,294008,2902221,5,Cực kì hài lòng,"Hàng mới, chính hãng.
Cài đặt theo sách nhanh gọn.
Rất ưng ý.",approved,0,0,[],1.0,Tiki Trading,[]
8307502,14170310,2902221,5,Cực kì hài lòng,,approved,0,0,[],1.0,Tiki Trading,[]
8168420,11378234,2902221,5,Cực kì hài lòng,,approved,0,0,[],1.0,Tiki Trading,[]
8136793,6478749,2902221,5,Cực kì hài lòng,,approved,0,0,[],1.0,Tiki Trading,[]
8098543,6949309,2902221,5,Cực kì hài lòng,,approved,0,0,[],1.0,Tiki Trading,[]
8081694,6698140,2902221,5,Cực kì hài lòng,,approved,0,0,[],1.0,Tiki Trading,[]
2406015,331907,2902221,5,giá này đã bao gồm máy + mực chưa,giá này đã bao gồm máy + mực chưa vậy....do mình mua ở siêu thị điện máy thì thấy có máy + mực + 50 tờ giấy scan ảnh,approved,0,0,[],1.0,Tiki Trading,[]
3072646,14405425,2902221,4,Nên mua !,"Máy in có kèm theo mực nhưng không kèm theo giấy , các bạn nên đặt thêm giấy in",approved,0,0,[],1.0,Tiki Trading,[]
7890288,5650015,2902221,4,Hài lòng,,approved,0,0,[],1.0,Tiki Trading,[]
7757597,9834052,2902221,5,Cực kì hài lòng,,approved,0,0,[],1.0,Tiki Trading,[]
6506722,11174302,2902221,5,Cực kì hài lòng,Máy quá ok,approved,0,0,[],1.0,Tiki Trading,[]
7441821,9039431,2902221,5,Cực kì hài lòng,,approved,0,0,[],1.0,Tiki Trading,[]
7216093,9908995,2902221,5,Cực kì hài lòng,,approved,0,0,[],1.0,Tiki Trading,[]
7144891,6215082,2902221,5,Cực kì hài lòng,,approved,0,0,[],1.0,Tiki Trading,[]
7068858,1262357,2902221,5,Cực kì hài lòng,,approved,0,0,[],1.0,Tiki Trading,[]
2545382,13534624,2902221,2,Giao hàng chậm!,Đơn hàng hẹn giao 19/10 mà đến hiện nay vẫn chưa nhận được?,approved,0,1,"[{'id': 621938, 'full_path': 'https://salt.tikicdn.com/ts/review/f7/c8/10/61a238676b6f2b18fe2c46bd49eb1f2a.jpg', 'status': 'approved'}]",1.0,Tiki Trading,[]
4821034,492272,2902221,5,Cực kì hài lòng,Dễ lắp đặt. In màu đẹp,approved,0,0,[],1.0,Tiki Trading,[]
6780447,159252,2902221,5,Cực kì hài lòng,,approved,0,0,[],1.0,Tiki Trading,[]
6561005,8408150,2902221,5,Cực kì hài lòng,,approved,0,0,[],1.0,Tiki Trading,[]
6500481,526548,2902221,5,Cực kì hài lòng,,approved,0,0,[],1.0,Tiki Trading,[]
3625915,11056387,2902221,4,Hài lòng,chất lượng in khá ổn. in trên giấy lụa đẹp,approved,1,0,[],1.0,Tiki Trading,[]
6272587,19533403,2902221,5,Cực kì hài lòng,,approved,0,0,[],1.0,Tiki Trading,[]
6182539,609909,2902221,5,Cực kì hài lòng,,approved,0,0,[],1.0,Tiki Trading,[]
6148032,1916799,2902221,5,Cực kì hài lòng,,approved,0,0,[],1.0,Tiki Trading,[]
6100799,12778307,2902221,5,Cực kì hài lòng,,approved,0,0,[],1.0,Tiki Trading,[]
6090608,11283681,2902221,4,Hài lòng,,approved,0,0,[],1.0,Tiki Trading,[]
6084966,514974,2902221,5,Cực kì hài lòng,,approved,0,0,[],1.0,Tiki Trading,[]
3269612,9166440,2902221,5,Cực kì hài lòng,Hàng fullbox như hình. Giao hàng nhanh. Đóng gói cẩn thận !,approved,0,0,[],1.0,Tiki Trading,[]
5889725,1272511,2902221,5,Cực kì hài lòng,,approved,0,0,[],1.0,Tiki Trading,[]
5844922,5284983,2902221,5,Cực kì hài lòng,,approved,0,0,[],1.0,Tiki Trading,[]
5841409,9738282,2902221,5,Cực kì hài lòng,,approved,0,0,[],1.0,Tiki Trading,[]
5810986,17414849,2902221,5,Cực kì hài lòng,,approved,0,0,[],1.0,Tiki Trading,[]
5694723,6589168,2902221,5,Cực kì hài lòng,,approved,0,0,[],1.0,Tiki Trading,[]
5537626,1498655,2902221,5,Cực kì hài lòng,,approved,0,0,[],1.0,Tiki Trading,[]
5439630,1513241,2902221,5,Cực kì hài lòng,,approved,0,0,[],1.0,Tiki Trading,[]
3514369,750209,2902221,5,Cực kì hài lòng,"Hoạt động tốt, lắp hộp mực hơi khó",approved,0,0,[],1.0,Tiki Trading,[]
5391375,13687936,2902221,5,Cực kì hài lòng,,approved,0,0,[],1.0,Tiki Trading,[]
5350270,17011624,2902221,4,Hài lòng,,approved,0,0,[],1.0,Tiki Trading,[]
5253396,2193585,2902221,5,Cực kì hài lòng,,approved,0,0,[],1.0,Tiki Trading,[]
5179788,15314794,2902221,5,Cực kì hài lòng,,approved,0,0,[],1.0,Tiki Trading,[]
3325789,12339104,2902221,5,Cực kì hài lòng,Hai long ve san pham. Tiki giao hang nhanh. Cannthan,approved,0,0,[],1.0,Tiki Trading,[]
5012905,12535452,2902221,5,Cực kì hài lòng,,approved,0,0,[],1.0,Tiki Trading,[]
2973267,15833208,2902221,5,Cực kì hài lòng,"Very Good!!!!
Sản phẩm rất tốt.
Giao hàng rất nhanh.",approved,0,0,[],1.0,Tiki Trading,[]
4933431,813454,2902221,5,Cực kì hài lòng,,approved,0,0,[],1.0,Tiki Trading,[]
2797488,6679640,2902221,5,Hài lòng,Rất hàu lòng về chất lượng hàng hoá mà tiki đã giao !,approved,0,0,[],1.0,Tiki Trading,[]
4337481,535978,2902221,5,Cực kì hài lòng,tuyệt,approved,0,0,[],1.0,Tiki Trading,[]
3504329,17076228,2902221,5,Cực kì hài lòng,"In Ok tot
Mau dep
Giao dung hen",approved,0,0,[],20850.0,THÀNH CÔNG CAMERA,[]
2211534,1039300,2902221,5,Cực kì hài lòng,tạm ổn trong tầm giá in không nét bằng epson l360 chậm hơn epson,approved,8,0,"[{'id': 439793, 'full_path': 'https://salt.tikicdn.com/ts/review/46/f4/ca/2ce6f2a6eca20efeaf9ffc0dc5ff866a.jpg', 'status': 'approved'}]",1.0,Tiki Trading,[]
3151690,14156420,2902221,3,Bình thường,Hàng đang trong quá trình sử dụng!,approved,0,0,[],1.0,Tiki Trading,[]
4206648,12086879,2902221,5,Cực kì hài lòng,,approved,0,0,[],1.0,Tiki Trading,[]
3843526,16369088,2902221,5,Cực kì hài lòng,,approved,0,0,[],1.0,Tiki Trading,[]
3796150,7422191,2902221,4,Hài lòng,,approved,0,0,[],1.0,Tiki Trading,[]
2331181,6888058,2902221,5,đã mua hàng,"máy tốt ,nhưng vận chuyển quá chậm 8 ngày mới nhận được hàng",approved,0,0,[],1.0,Tiki Trading,[]
2330043,12835125,2902221,5,đã sử dụng,sản phẩm tốt.nhưng giao hàng lâu quá từ lúc đặt mua đến lúc nhận hàng mất 9 ngày,approved,0,0,[],,,[]
2455274,12299126,2902221,5,Cực kì hài lòng,"Tốt, giao hàng đúng hẹn. Hàng mới, sử dụng tốt. Rất hài lòng",approved,0,0,[],,,[]
17411404,1193172,2902221,3,Bình thường,"(*) Đánh giá không tính điểm
Tôi chưa nhận được hoá đơn VAT cho đơn hàng này",approved,0,0,[],1.0,Tiki Trading,[]
